question,figure,value,p05,p95,source_table,source_row
Q1,"in-sample max Sharpe, set A frontier",1.717499906,,,frontier_max_sharpe.csv,"frontier == ""A"""
Q1,"in-sample max Sharpe, set B frontier",1.09826599,,,frontier_max_sharpe.csv,"frontier == ""B"""
Q1,"out-of-sample Sharpe, mv_constrained|lw_cc|sample|C",0.673838201,0.3632730411,1.026701074,sharpe_intervals.csv,"strategy_id == ""mv_constrained|lw_cc|sample|C"""
Q1,"out-of-sample Sharpe, equal_weight|none|none|none",0.7051003912,0.3871641405,1.110209744,sharpe_intervals.csv,"strategy_id == ""equal_weight|none|none|none"""
Q1,"out-of-sample Sharpe, min_variance|lw_cc|none|B",0.4526320629,-0.002684742949,1.010246406,sharpe_intervals.csv,"strategy_id == ""min_variance|lw_cc|none|B"""
Q1,"ruined set A strategies, of 4",3,,,metrics_all.csv,"strategy_id.str.endswith(""|A"")"
Q2,"tau = 0.3: ex-ante return given up, bp pa",7.879744978,,,turnover_frontier.csv,"tau == ""0.3"""
Q2,"tau = 0.3: trading cost saved, bp pa",0.9524164594,,,turnover_frontier.csv,"tau == ""0.3"""
Q2,"tau = 0.05: realised net return against no limit, bp pa",125.9373004,-87.68464124,332.7143771,turnover_frontier.csv,"tau == ""0.05"""
Q2,"tau = 0.3: realised net return against no limit, bp pa",-7.843102829,-41.75796273,24.89988469,turnover_frontier.csv,"tau == ""0.3"""
Q2,largest tau whose point lies below the 45 degree line,,,,turnover_frontier.csv,"tau != ""none"" and n_binding > 0 and exante_return_given_up_bp_pa < cost_saved_bp_pa"
Q3,"2026-07-31: mean_abs_change, mv_unconstrained|sample|sample|A",109.1116878,,,sensitivity_summary.csv,"date == ""2026-07-31"" and strategy == ""mv_unconstrained|sample|sample|A"""
Q3,"2026-07-31: mean_abs_change, mv_constrained|lw_cc|sample|B",0.9410652306,,,sensitivity_summary.csv,"date == ""2026-07-31"" and strategy == ""mv_constrained|lw_cc|sample|B"""
Q3,"2026-07-31: mean_abs_change, mv_constrained|lw_cc|bayes_stein|B",0.9568763097,,,sensitivity_summary.csv,"date == ""2026-07-31"" and strategy == ""mv_constrained|lw_cc|bayes_stein|B"""
Q3,"2026-07-31: mean_abs_change, black_litterman|lw_cc|bl|B",0.2094992337,,,sensitivity_summary.csv,"date == ""2026-07-31"" and strategy == ""black_litterman|lw_cc|bl|B"""
Q3,"2012-12-31: mean_abs_change ratio, mv_constrained|lw_cc|bayes_stein|B / mv_constrained|lw_cc|sample|B",0.975939975,,,sensitivity_summary.csv,"date == ""2012-12-31"" and strategy in [""mv_constrained|lw_cc|bayes_stein|B"", ""mv_constrained|lw_cc|sample|B""]"
Q3,"2012-12-31: mean_abs_change ratio, black_litterman|lw_cc|bl|B / mv_constrained|lw_cc|sample|B",1.313081059,,,sensitivity_summary.csv,"date == ""2012-12-31"" and strategy in [""black_litterman|lw_cc|bl|B"", ""mv_constrained|lw_cc|sample|B""]"
Q3,"2020-02-28: mean_abs_change ratio, mv_constrained|lw_cc|bayes_stein|B / mv_constrained|lw_cc|sample|B",0.9471034301,,,sensitivity_summary.csv,"date == ""2020-02-28"" and strategy in [""mv_constrained|lw_cc|bayes_stein|B"", ""mv_constrained|lw_cc|sample|B""]"
Q3,"2020-02-28: mean_abs_change ratio, black_litterman|lw_cc|bl|B / mv_constrained|lw_cc|sample|B",0.5001143365,,,sensitivity_summary.csv,"date == ""2020-02-28"" and strategy in [""black_litterman|lw_cc|bl|B"", ""mv_constrained|lw_cc|sample|B""]"
Q3,"2026-07-31: mean_abs_change ratio, mv_constrained|lw_cc|bayes_stein|B / mv_constrained|lw_cc|sample|B",1.016801257,,,sensitivity_summary.csv,"date == ""2026-07-31"" and strategy in [""mv_constrained|lw_cc|bayes_stein|B"", ""mv_constrained|lw_cc|sample|B""]"
Q3,"2026-07-31: mean_abs_change ratio, black_litterman|lw_cc|bl|B / mv_constrained|lw_cc|sample|B",0.2226192477,,,sensitivity_summary.csv,"date == ""2026-07-31"" and strategy in [""black_litterman|lw_cc|bl|B"", ""mv_constrained|lw_cc|sample|B""]"
Q4,"QLIKE difference against lw_cc, ewma on ew",-0.2394883934,-0.5759836911,-0.00536947762,cov_eval_qlike_diff.csv,"estimator == ""ewma"" and portfolio_set == ""ew"""
Q4,"QLIKE difference against lw_cc, ewma on gmv",0.4498752851,-0.06846261998,1.240137125,cov_eval_qlike_diff.csv,"estimator == ""ewma"" and portfolio_set == ""gmv"""
Q4,"bias ratio, ewma on gmv",1.380937318,,,cov_eval.csv,"estimator == ""ewma"" and portfolio_set == ""gmv"""
Q4,"bias ratio, lw_cc on gmv",1.011113766,,,cov_eval.csv,"estimator == ""lw_cc"" and portfolio_set == ""gmv"""
