ticker,SPY,IWM,EFA,EEM,XLE,XLF,XLK,XLU,XLV,SHY,IEF,TLT,TIP,LQD,HYG,GLD,DBC,VNQ
SPY,1,0.8936463364,0.885528313,0.8232605712,0.7175156025,0.8354741459,0.9108280303,0.6403609622,0.792589582,-0.2264904496,-0.2942499487,-0.306880032,-0.1022469586,0.2031392125,0.6811073078,0.06134151084,0.3948250244,0.7462349263
IWM,0.8936463364,1,0.8130425355,0.7573076188,0.6895653103,0.8096677287,0.7913022206,0.5444686834,0.6976647147,-0.1956176897,-0.2757512723,-0.2879488815,-0.08860112133,0.1691522093,0.6219305061,0.06037868927,0.3679350324,0.7635859641
EFA,0.885528313,0.8130425355,1,0.8751289579,0.7017838123,0.7602890706,0.7736174299,0.5919827865,0.7008365097,-0.1820447094,-0.2606002137,-0.2862262186,-0.06514811304,0.2282851216,0.6596599621,0.1628618179,0.4367312525,0.6885708544
EEM,0.8232605712,0.7573076188,0.8751289579,1,0.6649806531,0.6993356136,0.7489409772,0.5305354657,0.5996668471,-0.2113737936,-0.2646360938,-0.2669759716,-0.09055819935,0.1803173491,0.6020848463,0.180537534,0.432691468,0.6540236992
XLE,0.7175156025,0.6895653103,0.7017838123,0.6649806531,1,0.6335516199,0.5559276372,0.5003993647,0.5366245318,-0.2426939065,-0.3105248035,-0.3268581223,-0.05870601418,0.09203689334,0.5209336239,0.1247482494,0.649372983,0.5325220043
XLF,0.8354741459,0.8096677287,0.7602890706,0.6993356136,0.6335516199,1,0.6668910211,0.502891086,0.6283237546,-0.2719980487,-0.3282663026,-0.3315972161,-0.1424215117,0.09771939363,0.5657740032,-0.03867634675,0.3065058635,0.7904055741
XLK,0.9108280303,0.7913022206,0.7736174299,0.7489409772,0.5559276372,0.6668910211,1,0.50161229,0.6516865626,-0.1890282662,-0.2414544009,-0.2463782611,-0.09121563279,0.1846979837,0.5806384427,0.06241672203,0.3145778851,0.6036324935
XLU,0.6403609622,0.5444686834,0.5919827865,0.5305354657,0.5003993647,0.502891086,0.50161229,1,0.59204856,-0.04690314824,-0.06668035682,-0.09367897031,0.02732543654,0.2577015383,0.4976652203,0.1230318914,0.2400996792,0.6031173867
XLV,0.792589582,0.6976647147,0.7008365097,0.5996668471,0.5366245318,0.6283237546,0.6516865626,0.59204856,1,-0.1326138485,-0.2097044818,-0.2341553734,-0.07580922472,0.1581657419,0.5399661954,0.03212866293,0.2383190675,0.5752166525
SHY,-0.2264904496,-0.1956176897,-0.1820447094,-0.2113737936,-0.2426939065,-0.2719980487,-0.1890282662,-0.04690314824,-0.1326138485,1,0.7612249256,0.5665467053,0.5891968722,0.377650908,-0.05217954473,0.2287938518,-0.1394363488,-0.1274395587
IEF,-0.2942499487,-0.2757512723,-0.2606002137,-0.2646360938,-0.3105248035,-0.3282663026,-0.2414544009,-0.06668035682,-0.2097044818,0.7612249256,1,0.9107550974,0.7612773712,0.5661310115,-0.09018578427,0.2228102776,-0.2074187369,-0.1501040941
TLT,-0.306880032,-0.2879488815,-0.2862262186,-0.2669759716,-0.3268581223,-0.3315972161,-0.2463782611,-0.09367897031,-0.2341553734,0.5665467053,0.9107550974,1,0.7014831386,0.5460495555,-0.1308715264,0.1684132419,-0.2365763795,-0.157134946
TIP,-0.1022469586,-0.08860112133,-0.06514811304,-0.09055819935,-0.05870601418,-0.1424215117,-0.09121563279,0.02732543654,-0.07580922472,0.5891968722,0.7612773712,0.7014831386,1,0.5362655044,0.08562028131,0.2711385499,0.05025401345,-0.04667207163
LQD,0.2031392125,0.1691522093,0.2282851216,0.1803173491,0.09203689334,0.09771939363,0.1846979837,0.2577015383,0.1581657419,0.377650908,0.5661310115,0.5460495555,0.5362655044,1,0.4477052119,0.1609325061,0.0657135667,0.1843272695
HYG,0.6811073078,0.6219305061,0.6596599621,0.6020848463,0.5209336239,0.5657740032,0.5806384427,0.4976652203,0.5399661954,-0.05217954473,-0.09018578427,-0.1308715264,0.08562028131,0.4477052119,1,0.04789726695,0.3446442449,0.5265016225
GLD,0.06134151084,0.06037868927,0.1628618179,0.180537534,0.1247482494,-0.03867634675,0.06241672203,0.1230318914,0.03212866293,0.2287938518,0.2228102776,0.1684132419,0.2711385499,0.1609325061,0.04789726695,1,0.3369283428,0.05525585484
DBC,0.3948250244,0.3679350324,0.4367312525,0.432691468,0.649372983,0.3065058635,0.3145778851,0.2400996792,0.2383190675,-0.1394363488,-0.2074187369,-0.2365763795,0.05025401345,0.0657135667,0.3446442449,0.3369283428,1,0.2679299225
VNQ,0.7462349263,0.7635859641,0.6885708544,0.6540236992,0.5325220043,0.7904055741,0.6036324935,0.6031173867,0.5752166525,-0.1274395587,-0.1501040941,-0.157134946,-0.04667207163,0.1843272695,0.5265016225,0.05525585484,0.2679299225,1
