strategy_id,cost_scale,ruined,ann_return,ann_vol,sharpe,mean_turnover,mean_cost_bp_pa
mv_unconstrained|sample|sample|A,0,True,-1,1.101389877,,29.07818153,0
mv_unconstrained|sample|sample|A,1,True,-1,1.090392801,,29.07818153,1254.237697
mv_unconstrained|sample|sample|A,3,True,-1,1.071417982,,29.07818153,3762.71309
mv_constrained|lw_cc|sample|C,0,False,0.0935460357,0.1202753236,0.6787811592,0.2206885106,0
mv_constrained|lw_cc|sample|C,1,False,0.09261895086,0.1197703292,0.673838201,0.1767464701,7.123946687
mv_constrained|lw_cc|sample|C,3,False,0.09259910429,0.1209890523,0.6683062286,0.1249802315,14.98319332
min_variance|lw_cc|none|B,0,False,0.0320423578,0.0364636877,0.4572655627,0.03263480186,0
min_variance|lw_cc|none|B,1,False,0.03186477228,0.03645790366,0.4526320629,0.03263480186,1.729662848
min_variance|lw_cc|none|B,3,False,0.03150967472,0.03644662013,0.4433565648,0.03263480186,5.188988543
risk_parity|ewma|none|none,0,False,0.03885670373,0.0406605142,0.5825955346,0.1197502501,0
risk_parity|ewma|none|none,1,False,0.03831725605,0.04065733324,0.5697325586,0.1197502501,5.220533893
risk_parity|ewma|none|none,3,False,0.03723910414,0.04065161383,0.5439908336,0.1197502501,15.66160168
black_litterman|lw_cc|bl|C,0,False,0.08448002274,0.1356528005,0.5544713779,0.2727675337,0
black_litterman|lw_cc|bl|C,1,False,0.08267519096,0.1332848133,0.5492595904,0.2316846164,9.667634389
black_litterman|lw_cc|bl|C,3,False,0.07896644769,0.132021025,0.5272866665,0.1928529806,23.29056968
hrp|sample|none|none,0,False,0.01828257045,0.01783274971,0.1619731946,0.02114680464,0
hrp|sample|none|none,1,False,0.01818450842,0.01782781785,0.1563756594,0.02114680464,0.9679831023
hrp|sample|none|none,3,False,0.01798840292,0.01781836083,0.1451769818,0.02114680464,2.903949307
equal_weight|none|none|none,0,False,0.08263564696,0.09764442084,0.7063053638,0.02680629192,0
equal_weight|none|none|none,1,False,0.08250631481,0.09764038308,0.7051003912,0.02680629192,1.200795095
equal_weight|none|none|none,3,False,0.0822476921,0.09763231656,0.7026900754,0.02680629192,3.602385285
