decision_date,estimator,cond_before,cond_after,ridge,lw_delta
2010-04-30,sample,9254.777548,9254.777548,0,
2010-04-30,lw_cc,7961.615558,7961.615558,0,0.02290601231
2010-04-30,ewma,11390.36997,11390.36997,0,
2010-04-30,pca3,7119.33671,7119.33671,0,
2010-05-28,sample,9473.685517,9473.685517,0,
2010-05-28,lw_cc,8193.247347,8193.247347,0,0.02166095941
2010-05-28,ewma,28255.85843,28255.85843,0,
2010-05-28,pca3,7278.676404,7278.676404,0,
2010-06-30,sample,9633.343233,9633.343233,0,
2010-06-30,lw_cc,8348.281261,8348.281261,0,0.02095665847
2010-06-30,ewma,30962.39417,30962.39417,0,
2010-06-30,pca3,7321.216675,7321.216675,0,
2010-07-30,sample,9695.839089,9695.839089,0,
2010-07-30,lw_cc,8407.062033,8407.062033,0,0.02083049778
2010-07-30,ewma,32775.7615,32775.7615,0,
2010-07-30,pca3,7342.68129,7342.68129,0,
2010-08-31,sample,9632.116443,9632.116443,0,
2010-08-31,lw_cc,8380.315504,8380.315504,0,0.02108356251
2010-08-31,ewma,20098.63453,20098.63453,0,
2010-08-31,pca3,7428.403733,7428.403733,0,
2010-09-30,sample,9791.111723,9791.111723,0,
2010-09-30,lw_cc,8529.792871,8529.792871,0,0.02095742823
2010-09-30,ewma,19189.27743,19189.27743,0,
2010-09-30,pca3,7543.573837,7543.573837,0,
2010-10-29,sample,9775.088127,9775.088127,0,
2010-10-29,lw_cc,8529.508566,8529.508566,0,0.02118455519
2010-10-29,ewma,13215.82626,13215.82626,0,
2010-10-29,pca3,7568.104978,7568.104978,0,
2010-11-30,sample,9606.578661,9606.578661,0,
2010-11-30,lw_cc,8477.833869,8477.833869,0,0.02197317937
2010-11-30,ewma,7297.031196,7297.031196,0,
2010-11-30,pca3,7761.362748,7761.362748,0,
2010-12-31,sample,9721.325839,9721.325839,0,
2010-12-31,lw_cc,8598.792486,8598.792486,0,0.02239328347
2010-12-31,ewma,4308.431919,4308.431919,0,
2010-12-31,pca3,7976.000115,7976.000115,0,
2011-01-31,sample,9908.060725,9908.060725,0,
2011-01-31,lw_cc,8747.531402,8747.531402,0,0.02283154764
2011-01-31,ewma,5494.763134,5494.763134,0,
2011-01-31,pca3,8132.17298,8132.17298,0,
2011-02-28,sample,9937.535187,9937.535187,0,
2011-02-28,lw_cc,8797.109552,8797.109552,0,0.02312865976
2011-02-28,ewma,6896.959405,6896.959405,0,
2011-02-28,pca3,8269.359049,8269.359049,0,
2011-03-31,sample,10212.11217,10212.11217,0,
2011-03-31,lw_cc,9066.867131,9066.867131,0,0.02396553357
2011-03-31,ewma,7977.84974,7977.84974,0,
2011-03-31,pca3,8642.911407,8642.911407,0,
2011-04-29,sample,10325.06985,10325.06985,0,
2011-04-29,lw_cc,9174.65086,9174.65086,0,0.02432602066
2011-04-29,ewma,5539.940902,5539.940902,0,
2011-04-29,pca3,8797.549146,8797.549146,0,
2011-05-31,sample,10745.48456,10745.48456,0,
2011-05-31,lw_cc,9540.263486,9540.263486,0,0.02429388592
2011-05-31,ewma,8913.187339,8913.187339,0,
2011-05-31,pca3,9079.90257,9079.90257,0,
2011-06-30,sample,11547.6074,11547.6074,0,
2011-06-30,lw_cc,10324.73131,10324.73131,0,0.02432139995
2011-06-30,ewma,10865.42828,10865.42828,0,
2011-06-30,pca3,9986.126476,9986.126476,0,
2011-07-29,sample,11724.02096,11724.02096,0,
2011-07-29,lw_cc,10487.93309,10487.93309,0,0.02471240084
2011-07-29,ewma,13207.11406,13207.11406,0,
2011-07-29,pca3,10274.90351,10274.90351,0,
2011-08-31,sample,12205.93404,12205.93404,0,
2011-08-31,lw_cc,10963.82064,10963.82064,0,0.02248079631
2011-08-31,ewma,63231.48965,63231.48965,0,
2011-08-31,pca3,9973.071598,9973.071598,0,
2011-09-30,sample,12677.2887,12677.2887,0,
2011-09-30,lw_cc,11452.05397,11452.05397,0,0.02346375777
2011-09-30,ewma,54534.07268,54534.07268,0,
2011-09-30,pca3,11266.07168,11266.07168,0,
2011-10-31,sample,12898.3723,12898.3723,0,
2011-10-31,lw_cc,11801.51977,11801.51977,0,0.01670585077
2011-10-31,ewma,64260.98852,64260.98852,0,
2011-10-31,pca3,10959.05193,10959.05193,0,
2011-11-30,sample,12206.02522,12206.02522,0,
2011-11-30,lw_cc,11170.98315,11170.98315,0,0.01623269775
2011-11-30,ewma,82457.56909,82457.56909,0,
2011-11-30,pca3,10202.63118,10202.63118,0,
2011-12-30,sample,12114.8011,12114.8011,0,
2011-12-30,lw_cc,11191.18963,11191.18963,0,0.01391099829
2011-12-30,ewma,74542.75583,74542.75583,0,
2011-12-30,pca3,10436.53031,10436.53031,0,
2012-01-31,sample,12003.98729,12003.98729,0,
2012-01-31,lw_cc,11044.39797,11044.39797,0,0.0142297055
2012-01-31,ewma,54510.37945,54510.37945,0,
2012-01-31,pca3,10142.66756,10142.66756,0,
2012-02-29,sample,11643.91704,11643.91704,0,
2012-02-29,lw_cc,10696.73541,10696.73541,0,0.01451702929
2012-02-29,ewma,34046.52337,34046.52337,0,
2012-02-29,pca3,9919.087994,9919.087994,0,
2012-03-30,sample,10373.36652,10373.36652,0,
2012-03-30,lw_cc,9628.178445,9628.178445,0,0.01186168686
2012-03-30,ewma,23721.0716,23721.0716,0,
2012-03-30,pca3,8738.978479,8738.978479,0,
2012-04-30,sample,10034.761,10034.761,0,
2012-04-30,lw_cc,9327.227467,9327.227467,0,0.01151625546
2012-04-30,ewma,26046.22577,26046.22577,0,
2012-04-30,pca3,8496.516531,8496.516531,0,
2012-05-31,sample,9855.419828,9855.419828,0,
2012-05-31,lw_cc,9142.115628,9142.115628,0,0.01143437375
2012-05-31,ewma,28749.13968,28749.13968,0,
2012-05-31,pca3,8173.959463,8173.959463,0,
2012-06-29,sample,12138.8015,12138.8015,0,
2012-06-29,lw_cc,11268.47525,11268.47525,0,0.01127626535
2012-06-29,ewma,40694.03307,40694.03307,0,
2012-06-29,pca3,10071.60671,10071.60671,0,
2012-07-31,sample,12315.92516,12315.92516,0,
2012-07-31,lw_cc,11443.95688,11443.95688,0,0.01146447875
2012-07-31,ewma,41595.7629,41595.7629,0,
2012-07-31,pca3,10253.71042,10253.71042,0,
2012-08-31,sample,12379.15942,12379.15942,0,
2012-08-31,lw_cc,11510.00105,11510.00105,0,0.01178236244
2012-08-31,ewma,38351.44671,38351.44671,0,
2012-08-31,pca3,10455.89744,10455.89744,0,
2012-09-28,sample,12675.96794,12675.96794,0,
2012-09-28,lw_cc,11765.40607,11765.40607,0,0.01193865189
2012-09-28,ewma,43321.57217,43321.57217,0,
2012-09-28,pca3,10867.65409,10867.65409,0,
2012-10-31,sample,12815.41727,12815.41727,0,
2012-10-31,lw_cc,11873.65539,11873.65539,0,0.0124688176
2012-10-31,ewma,29488.47195,29488.47195,0,
2012-10-31,pca3,11090.37521,11090.37521,0,
2012-11-30,sample,12910.26712,12910.26712,0,
2012-11-30,lw_cc,11930.24325,11930.24325,0,0.01250258843
2012-11-30,ewma,38368.70966,38368.70966,0,
2012-11-30,pca3,11091.00108,11091.00108,0,
2012-12-31,sample,14298.28615,14298.28615,0,
2012-12-31,lw_cc,13207.47111,13207.47111,0,0.01253495611
2012-12-31,ewma,36396.9722,36396.9722,0,
2012-12-31,pca3,12409.35519,12409.35519,0,
2013-01-31,sample,14539.2357,14539.2357,0,
2013-01-31,lw_cc,13403.30325,13403.30325,0,0.01285820847
2013-01-31,ewma,24795.653,24795.653,0,
2013-01-31,pca3,12661.65698,12661.65698,0,
2013-02-28,sample,14843.06881,14843.06881,0,
2013-02-28,lw_cc,13711.63237,13711.63237,0,0.01294432484
2013-02-28,ewma,32488.72736,32488.72736,0,
2013-02-28,pca3,12966.33845,12966.33845,0,
2013-03-28,sample,15154.58057,15154.58057,0,
2013-03-28,lw_cc,14000.18025,14000.18025,0,0.01293615551
2013-03-28,ewma,25094.87863,25094.87863,0,
2013-03-28,pca3,13309.4699,13309.4699,0,
2013-04-30,sample,16317.96425,16317.96425,0,
2013-04-30,lw_cc,15083.05523,15083.05523,0,0.01311291648
2013-04-30,ewma,45206.46066,45206.46066,0,
2013-04-30,pca3,14355.52102,14355.52102,0,
2013-05-31,sample,16842.0651,16842.0651,0,
2013-05-31,lw_cc,15483.94769,15483.94769,0,0.01400556308
2013-05-31,ewma,45144.41192,45144.41192,0,
2013-05-31,pca3,15253.93497,15253.93497,0,
2013-06-28,sample,16654.93666,16654.93666,0,
2013-06-28,lw_cc,15337.24126,15337.24126,0,0.0147503937
2013-06-28,ewma,44864.37537,44864.37537,0,
2013-06-28,pca3,15219.71382,15219.71382,0,
2013-07-31,sample,16129.52442,16129.52442,0,
2013-07-31,lw_cc,14821.71233,14821.71233,0,0.01571278221
2013-07-31,ewma,27688.83398,27688.83398,0,
2013-07-31,pca3,15076.46963,15076.46963,0,
2013-08-30,sample,16107.30733,16107.30733,0,
2013-08-30,lw_cc,14759.67339,14759.67339,0,0.0164836168
2013-08-30,ewma,19108.71527,19108.71527,0,
2013-08-30,pca3,14929.40927,14929.40927,0,
2013-09-30,sample,15950.50062,15950.50062,0,
2013-09-30,lw_cc,14573.28314,14573.28314,0,0.01720377708
2013-09-30,ewma,16133.01487,16133.01487,0,
2013-09-30,pca3,14674.22023,14674.22023,0,
2013-10-31,sample,16080.35,16080.35,0,
2013-10-31,lw_cc,14728.21208,14728.21208,0,0.01716156709
2013-10-31,ewma,13497.16369,13497.16369,0,
2013-10-31,pca3,14916.48308,14916.48308,0,
2013-11-29,sample,18071.22961,18071.22961,0,
2013-11-29,lw_cc,16196.52605,16196.52605,0,0.0176028712
2013-11-29,ewma,10124.21861,10124.21861,0,
2013-11-29,pca3,15799.56822,15799.56822,0,
2013-12-31,sample,19947.8902,19947.8902,0,
2013-12-31,lw_cc,17934.60226,17934.60226,0,0.01768165686
2013-12-31,ewma,11920.36736,11920.36736,0,
2013-12-31,pca3,17601.60722,17601.60722,0,
2014-01-31,sample,20718.23511,20718.23511,0,
2014-01-31,lw_cc,18666.78527,18666.78527,0,0.017604463
2014-01-31,ewma,16557.655,16557.655,0,
2014-01-31,pca3,18298.38164,18298.38164,0,
2014-02-28,sample,21472.74301,21472.74301,0,
2014-02-28,lw_cc,19419.85138,19419.85138,0,0.01760881468
2014-02-28,ewma,15760.76861,15760.76861,0,
2014-02-28,pca3,19273.98762,19273.98762,0,
2014-03-31,sample,24057.62003,24057.62003,0,
2014-03-31,lw_cc,21748.4604,21748.4604,0,0.01820573829
2014-03-31,ewma,13204.74025,13204.74025,0,
2014-03-31,pca3,22203.19907,22203.19907,0,
2014-04-30,sample,26877.64876,26877.64876,0,
2014-04-30,lw_cc,24192.94378,24192.94378,0,0.01813622976
2014-04-30,ewma,13857.63651,13857.63651,0,
2014-04-30,pca3,24351.63841,24351.63841,0,
2014-05-30,sample,26971.176,26971.176,0,
2014-05-30,lw_cc,24305.64831,24305.64831,0,0.01849212949
2014-05-30,ewma,9477.077294,9477.077294,0,
2014-05-30,pca3,24708.65216,24708.65216,0,
2014-06-30,sample,28048.93702,28048.93702,0,
2014-06-30,lw_cc,25201.2827,25201.2827,0,0.01949012624
2014-06-30,ewma,7302.706439,7302.706439,0,
2014-06-30,pca3,26028.46026,26028.46026,0,
2014-07-31,sample,27688.27772,27688.27772,0,
2014-07-31,lw_cc,25050.33992,25050.33992,0,0.0198324984
2014-07-31,ewma,10034.48213,10034.48213,0,
2014-07-31,pca3,26693.11803,26693.11803,0,
2014-08-29,sample,21722.25338,21722.25338,0,
2014-08-29,lw_cc,20155.07777,20155.07777,0,0.01452656931
2014-08-29,ewma,7026.17572,7026.17572,0,
2014-08-29,pca3,20677.62118,20677.62118,0,
2014-09-30,sample,19516.8662,19516.8662,0,
2014-09-30,lw_cc,18084.5431,18084.5431,0,0.01581826904
2014-09-30,ewma,8978.324414,8978.324414,0,
2014-09-30,pca3,19057.39799,19057.39799,0,
2014-10-31,sample,15865.45579,15865.45579,0,
2014-10-31,lw_cc,14678.86729,14678.86729,0,0.01589302301
2014-10-31,ewma,16136.73478,16136.73478,0,
2014-10-31,pca3,15110.0264,15110.0264,0,
2014-11-28,sample,13982.71066,13982.71066,0,
2014-11-28,lw_cc,12878.38465,12878.38465,0,0.01668070188
2014-11-28,ewma,14036.28581,14036.28581,0,
2014-11-28,pca3,13373.71699,13373.71699,0,
2014-12-31,sample,11621.65051,11621.65051,0,
2014-12-31,lw_cc,10765.24613,10765.24613,0,0.014828408
2014-12-31,ewma,9367.529558,9367.529558,0,
2014-12-31,pca3,10917.39287,10917.39287,0,
2015-01-30,sample,11446.30076,11446.30076,0,
2015-01-30,lw_cc,10579.41711,10579.41711,0,0.01410963113
2015-01-30,ewma,14169.36505,14169.36505,0,
2015-01-30,pca3,10659.1217,10659.1217,0,
2015-02-27,sample,11145.43253,11145.43253,0,
2015-02-27,lw_cc,10266.13577,10266.13577,0,0.01435460146
2015-02-27,ewma,14345.44702,14345.44702,0,
2015-02-27,pca3,10382.20121,10382.20121,0,
2015-03-31,sample,10896.32892,10896.32892,0,
2015-03-31,lw_cc,9980.880245,9980.880245,0,0.01504761602
2015-03-31,ewma,17176.29933,17176.29933,0,
2015-03-31,pca3,10011.41268,10011.41268,0,
2015-04-30,sample,10476.1414,10476.1414,0,
2015-04-30,lw_cc,9521.658175,9521.658175,0,0.01586497564
2015-04-30,ewma,15588.30345,15588.30345,0,
2015-04-30,pca3,9302.848221,9302.848221,0,
2015-05-29,sample,10052.05865,10052.05865,0,
2015-05-29,lw_cc,9075.21356,9075.21356,0,0.01646025438
2015-05-29,ewma,12719.81961,12719.81961,0,
2015-05-29,pca3,8722.660324,8722.660324,0,
2015-06-30,sample,9427.109304,9427.109304,0,
2015-06-30,lw_cc,8416.165541,8416.165541,0,0.01657043462
2015-06-30,ewma,11336.73032,11336.73032,0,
2015-06-30,pca3,7993.212203,7993.212203,0,
2015-07-31,sample,8896.076062,8896.076062,0,
2015-07-31,lw_cc,7914.246955,7914.246955,0,0.01679840883
2015-07-31,ewma,12484.7751,12484.7751,0,
2015-07-31,pca3,7472.497319,7472.497319,0,
2015-08-31,sample,9282.486993,9282.486993,0,
2015-08-31,lw_cc,8178.054063,8178.054063,0,0.01842166321
2015-08-31,ewma,21109.64412,21109.64412,0,
2015-08-31,pca3,7642.353338,7642.353338,0,
2015-09-30,sample,9573.837374,9573.837374,0,
2015-09-30,lw_cc,8461.372508,8461.372508,0,0.01753300402
2015-09-30,ewma,24161.42404,24161.42404,0,
2015-09-30,pca3,7808.949457,7808.949457,0,
2015-10-30,sample,9618.54896,9618.54896,0,
2015-10-30,lw_cc,8461.216244,8461.216244,0,0.01747498943
2015-10-30,ewma,22195.35728,22195.35728,0,
2015-10-30,pca3,7652.495253,7652.495253,0,
2015-11-30,sample,9268.170193,9268.170193,0,
2015-11-30,lw_cc,8145.194763,8145.194763,0,0.01788938949
2015-11-30,ewma,15435.81307,15435.81307,0,
2015-11-30,pca3,7406.209582,7406.209582,0,
2015-12-31,sample,9236.634277,9236.634277,0,
2015-12-31,lw_cc,8144.097088,8144.097088,0,0.01734525831
2015-12-31,ewma,18898.57277,18898.57277,0,
2015-12-31,pca3,7407.250453,7407.250453,0,
2016-01-29,sample,9684.169105,9684.169105,0,
2016-01-29,lw_cc,8603.438902,8603.438902,0,0.01610324881
2016-01-29,ewma,23628.02464,23628.02464,0,
2016-01-29,pca3,7762.112498,7762.112498,0,
2016-02-29,sample,9584.219537,9584.219537,0,
2016-02-29,lw_cc,8569.937449,8569.937449,0,0.01548204349
2016-02-29,ewma,19262.78051,19262.78051,0,
2016-02-29,pca3,7815.566608,7815.566608,0,
2016-03-31,sample,9519.489047,9519.489047,0,
2016-03-31,lw_cc,8513.726838,8513.726838,0,0.01524490024
2016-03-31,ewma,17388.05868,17388.05868,0,
2016-03-31,pca3,7670.837277,7670.837277,0,
2016-04-29,sample,9381.447943,9381.447943,0,
2016-04-29,lw_cc,8402.511591,8402.511591,0,0.01479648829
2016-04-29,ewma,14496.50227,14496.50227,0,
2016-04-29,pca3,7572.170576,7572.170576,0,
2016-05-31,sample,9276.331063,9276.331063,0,
2016-05-31,lw_cc,8302.219331,8302.219331,0,0.01479961582
2016-05-31,ewma,11737.76031,11737.76031,0,
2016-05-31,pca3,7446.006701,7446.006701,0,
2016-06-30,sample,9427.236224,9427.236224,0,
2016-06-30,lw_cc,8359.844066,8359.844066,0,0.01516514403
2016-06-30,ewma,26095.29959,26095.29959,0,
2016-06-30,pca3,7575.516922,7575.516922,0,
2016-07-29,sample,9415.45528,9415.45528,0,
2016-07-29,lw_cc,8367.212393,8367.212393,0,0.01474884093
2016-07-29,ewma,16801.10094,16801.10094,0,
2016-07-29,pca3,7518.254526,7518.254526,0,
2016-08-31,sample,9631.335203,9631.335203,0,
2016-08-31,lw_cc,8487.310218,8487.310218,0,0.01498651503
2016-08-31,ewma,14437.89207,14437.89207,0,
2016-08-31,pca3,7525.049116,7525.049116,0,
2016-09-30,sample,9955.049071,9955.049071,0,
2016-09-30,lw_cc,8734.393044,8734.393044,0,0.01473802358
2016-09-30,ewma,12666.04548,12666.04548,0,
2016-09-30,pca3,7538.2562,7538.2562,0,
2016-10-31,sample,10019.11363,10019.11363,0,
2016-10-31,lw_cc,8731.793391,8731.793391,0,0.0150423256
2016-10-31,ewma,8206.157671,8206.157671,0,
2016-10-31,pca3,7478.546753,7478.546753,0,
2016-11-30,sample,10282.47145,10282.47145,0,
2016-11-30,lw_cc,8851.185502,8851.185502,0,0.01558439317
2016-11-30,ewma,8576.75368,8576.75368,0,
2016-11-30,pca3,7497.019482,7497.019482,0,
2016-12-30,sample,10274.98949,10274.98949,0,
2016-12-30,lw_cc,8798.228431,8798.228431,0,0.01574562092
2016-12-30,ewma,6883.865418,6883.865418,0,
2016-12-30,pca3,7430.548942,7430.548942,0,
2017-01-31,sample,10126.37355,10126.37355,0,
2017-01-31,lw_cc,8573.015561,8573.015561,0,0.01635886603
2017-01-31,ewma,5655.030692,5655.030692,0,
2017-01-31,pca3,7225.505604,7225.505604,0,
2017-02-28,sample,10018.77197,10018.77197,0,
2017-02-28,lw_cc,8438.854314,8438.854314,0,0.01664042221
2017-02-28,ewma,4717.241511,4717.241511,0,
2017-02-28,pca3,7111.494603,7111.494603,0,
2017-03-31,sample,10072.23021,10072.23021,0,
2017-03-31,lw_cc,8414.590321,8414.590321,0,0.01696712463
2017-03-31,ewma,7799.617695,7799.617695,0,
2017-03-31,pca3,7096.336654,7096.336654,0,
2017-04-28,sample,9854.887609,9854.887609,0,
2017-04-28,lw_cc,8192.001891,8192.001891,0,0.01716224832
2017-04-28,ewma,5998.386477,5998.386477,0,
2017-04-28,pca3,6963.720394,6963.720394,0,
2017-05-31,sample,10027.95356,10027.95356,0,
2017-05-31,lw_cc,8301.899813,8301.899813,0,0.01716747294
2017-05-31,ewma,6012.829206,6012.829206,0,
2017-05-31,pca3,7057.660911,7057.660911,0,
2017-06-30,sample,9994.866358,9994.866358,0,
2017-06-30,lw_cc,8297.974296,8297.974296,0,0.01717131358
2017-06-30,ewma,5361.511722,5361.511722,0,
2017-06-30,pca3,7110.028104,7110.028104,0,
2017-07-31,sample,9982.307731,9982.307731,0,
2017-07-31,lw_cc,8271.794943,8271.794943,0,0.01760973219
2017-07-31,ewma,5096.441949,5096.441949,0,
2017-07-31,pca3,7139.308282,7139.308282,0,
2017-08-31,sample,9686.172525,9686.172525,0,
2017-08-31,lw_cc,8073.426828,8073.426828,0,0.01750721332
2017-08-31,ewma,4111.702494,4111.702494,0,
2017-08-31,pca3,7088.63111,7088.63111,0,
2017-09-29,sample,9666.607332,9666.607332,0,
2017-09-29,lw_cc,8054.272935,8054.272935,0,0.01765756128
2017-09-29,ewma,4297.308415,4297.308415,0,
2017-09-29,pca3,7137.397041,7137.397041,0,
2017-10-31,sample,8168.003557,8168.003557,0,
2017-10-31,lw_cc,6921.930834,6921.930834,0,0.0188059055
2017-10-31,ewma,1084.95774,1084.95774,0,
2017-10-31,pca3,6491.73413,6491.73413,0,
2017-11-30,sample,8030.05792,8030.05792,0,
2017-11-30,lw_cc,6816.929374,6816.929374,0,0.01860958999
2017-11-30,ewma,1433.296165,1433.296165,0,
2017-11-30,pca3,6341.990688,6341.990688,0,
2017-12-29,sample,8031.161613,8031.161613,0,
2017-12-29,lw_cc,6787.740841,6787.740841,0,0.01936907174
2017-12-29,ewma,1739.969921,1739.969921,0,
2017-12-29,pca3,6312.082231,6312.082231,0,
2018-01-31,sample,7844.807213,7844.807213,0,
2018-01-31,lw_cc,6613.16881,6613.16881,0,0.02083788431
2018-01-31,ewma,3797.960129,3797.960129,0,
2018-01-31,pca3,6168.489069,6168.489069,0,
2018-02-28,sample,8277.999797,8277.999797,0,
2018-02-28,lw_cc,6999.778383,6999.778383,0,0.02068823595
2018-02-28,ewma,18558.69927,18558.69927,0,
2018-02-28,pca3,6410.50924,6410.50924,0,
2018-03-29,sample,8381.072307,8381.072307,0,
2018-03-29,lw_cc,7174.981998,7174.981998,0,0.01940061984
2018-03-29,ewma,21815.57978,21815.57978,0,
2018-03-29,pca3,6555.16581,6555.16581,0,
2018-04-30,sample,8472.722674,8472.722674,0,
2018-04-30,lw_cc,7292.511821,7292.511821,0,0.01900946004
2018-04-30,ewma,19189.1626,19189.1626,0,
2018-04-30,pca3,6826.260995,6826.260995,0,
2018-05-31,sample,8341.752489,8341.752489,0,
2018-05-31,lw_cc,7191.895221,7191.895221,0,0.01890170088
2018-05-31,ewma,12740.47433,12740.47433,0,
2018-05-31,pca3,6779.309602,6779.309602,0,
2018-06-29,sample,8419.809725,8419.809725,0,
2018-06-29,lw_cc,7222.794675,7222.794675,0,0.0194235913
2018-06-29,ewma,13873.12924,13873.12924,0,
2018-06-29,pca3,6765.504745,6765.504745,0,
2018-07-31,sample,8438.358858,8438.358858,0,
2018-07-31,lw_cc,7230.37081,7230.37081,0,0.02029013523
2018-07-31,ewma,12196.3824,12196.3824,0,
2018-07-31,pca3,6822.240583,6822.240583,0,
2018-08-31,sample,7945.985285,7945.985285,0,
2018-08-31,lw_cc,6825.84646,6825.84646,0,0.02015441221
2018-08-31,ewma,13768.22686,13768.22686,0,
2018-08-31,pca3,6520.687689,6520.687689,0,
2018-09-28,sample,7449.650313,7449.650313,0,
2018-09-28,lw_cc,6369.186122,6369.186122,0,0.02184107546
2018-09-28,ewma,7921.946014,7921.946014,0,
2018-09-28,pca3,6176.684069,6176.684069,0,
2018-10-31,sample,7642.869148,7642.869148,0,
2018-10-31,lw_cc,6579.443911,6579.443911,0,0.02138781048
2018-10-31,ewma,24155.00221,24155.00221,0,
2018-10-31,pca3,6451.666129,6451.666129,0,
2018-11-30,sample,7857.859661,7857.859661,0,
2018-11-30,lw_cc,6773.048041,6773.048041,0,0.0208126862
2018-11-30,ewma,28200.32228,28200.32228,0,
2018-11-30,pca3,6597.95284,6597.95284,0,
2018-12-31,sample,8189.780083,8189.780083,0,
2018-12-31,lw_cc,7006.715527,7006.715527,0,0.02148298902
2018-12-31,ewma,27177.0912,27177.0912,0,
2018-12-31,pca3,6699.526338,6699.526338,0,
2019-01-31,sample,7850.615254,7850.615254,0,
2019-01-31,lw_cc,6601.807436,6601.807436,0,0.02271552484
2019-01-31,ewma,26319.82604,26319.82604,0,
2019-01-31,pca3,6224.101507,6224.101507,0,
2019-02-28,sample,7648.931026,7648.931026,0,
2019-02-28,lw_cc,6325.998993,6325.998993,0,0.02515678688
2019-02-28,ewma,20005.79857,20005.79857,0,
2019-02-28,pca3,5947.703353,5947.703353,0,
2019-03-29,sample,7625.189214,7625.189214,0,
2019-03-29,lw_cc,6262.522988,6262.522988,0,0.02520052498
2019-03-29,ewma,18898.11058,18898.11058,0,
2019-03-29,pca3,5902.258302,5902.258302,0,
2019-04-30,sample,7536.115421,7536.115421,0,
2019-04-30,lw_cc,6133.499233,6133.499233,0,0.02639813433
2019-04-30,ewma,10333.9499,10333.9499,0,
2019-04-30,pca3,5807.851861,5807.851861,0,
2019-05-31,sample,7613.283688,7613.283688,0,
2019-05-31,lw_cc,6208.481603,6208.481603,0,0.0256826534
2019-05-31,ewma,16257.99105,16257.99105,0,
2019-05-31,pca3,5859.248415,5859.248415,0,
2019-06-28,sample,7019.406473,7019.406473,0,
2019-06-28,lw_cc,5775.398102,5775.398102,0,0.02474981824
2019-06-28,ewma,9293.809055,9293.809055,0,
2019-06-28,pca3,5309.804186,5309.804186,0,
2019-07-31,sample,6774.65187,6774.65187,0,
2019-07-31,lw_cc,5534.039092,5534.039092,0,0.02560217262
2019-07-31,ewma,6309.800003,6309.800003,0,
2019-07-31,pca3,5093.934381,5093.934381,0,
2019-08-30,sample,7069.23748,7069.23748,0,
2019-08-30,lw_cc,5858.169411,5858.169411,0,0.02264775274
2019-08-30,ewma,17789.33518,17789.33518,0,
2019-08-30,pca3,5313.092079,5313.092079,0,
2019-09-30,sample,6818.64418,6818.64418,0,
2019-09-30,lw_cc,5622.025157,5622.025157,0,0.02217294007
2019-09-30,ewma,13189.17285,13189.17285,0,
2019-09-30,pca3,5190.127857,5190.127857,0,
2019-10-31,sample,6857.807515,6857.807515,0,
2019-10-31,lw_cc,5626.179721,5626.179721,0,0.02122173753
2019-10-31,ewma,10803.4614,10803.4614,0,
2019-10-31,pca3,5113.465519,5113.465519,0,
2019-11-29,sample,6958.85687,6958.85687,0,
2019-11-29,lw_cc,5723.654811,5723.654811,0,0.02036465582
2019-11-29,ewma,7995.636145,7995.636145,0,
2019-11-29,pca3,5255.871153,5255.871153,0,
2019-12-31,sample,7195.815385,7195.815385,0,
2019-12-31,lw_cc,5882.725011,5882.725011,0,0.01972982487
2019-12-31,ewma,7514.144698,7514.144698,0,
2019-12-31,pca3,5330.033387,5330.033387,0,
2020-01-31,sample,7406.306044,7406.306044,0,
2020-01-31,lw_cc,6092.814615,6092.814615,0,0.01890468108
2020-01-31,ewma,13469.4413,13469.4413,0,
2020-01-31,pca3,5489.820907,5489.820907,0,
2020-02-28,sample,7905.564909,7905.564909,0,
2020-02-28,lw_cc,6355.838972,6355.838972,0,0.01968394029
2020-02-28,ewma,35078.88115,35078.88115,0,
2020-02-28,pca3,5596.833883,5596.833883,0,
2020-03-31,sample,13026.66122,13026.66122,0,
2020-03-31,lw_cc,8183.525874,8183.525874,0,0.0897529854
2020-03-31,ewma,46744.58487,46744.58487,0,
2020-03-31,pca3,11022.59928,11022.59928,0,
2020-04-30,sample,13992.30559,13992.30559,0,
2020-04-30,lw_cc,9346.716156,9346.716156,0,0.0753746936
2020-04-30,ewma,30024.06235,30024.06235,0,
2020-04-30,pca3,11693.45364,11693.45364,0,
2020-05-29,sample,14236.65969,14236.65969,0,
2020-05-29,lw_cc,9683.328951,9683.328951,0,0.07036134353
2020-05-29,ewma,26629.29761,26629.29761,0,
2020-05-29,pca3,11801.05047,11801.05047,0,
2020-06-30,sample,15034.97944,15034.97944,0,
2020-06-30,lw_cc,10456.25526,10456.25526,0,0.06342042167
2020-06-30,ewma,31099.12622,31099.12622,0,
2020-06-30,pca3,12372.13925,12372.13925,0,
2020-07-31,sample,15231.92786,15231.92786,0,
2020-07-31,lw_cc,10625.16739,10625.16739,0,0.06239374919
2020-07-31,ewma,30122.32148,30122.32148,0,
2020-07-31,pca3,12438.78295,12438.78295,0,
2020-08-31,sample,15515.1933,15515.1933,0,
2020-08-31,lw_cc,10772.56742,10772.56742,0,0.06267036822
2020-08-31,ewma,28972.1204,28972.1204,0,
2020-08-31,pca3,12620.77279,12620.77279,0,
2020-09-30,sample,15826.41601,15826.41601,0,
2020-09-30,lw_cc,11082.48139,11082.48139,0,0.06067653529
2020-09-30,ewma,38724.22864,38724.22864,0,
2020-09-30,pca3,12854.78768,12854.78768,0,
2020-10-30,sample,17391.40026,17391.40026,0,
2020-10-30,lw_cc,11985.90209,11985.90209,0,0.05879128484
2020-10-30,ewma,42079.40979,42079.40979,0,
2020-10-30,pca3,13576.99713,13576.99713,0,
2020-11-30,sample,17743.4033,17743.4033,0,
2020-11-30,lw_cc,12358.19458,12358.19458,0,0.05673933264
2020-11-30,ewma,71820.14098,71820.14098,0,
2020-11-30,pca3,13885.40069,13885.40069,0,
2020-12-31,sample,17845.20836,17845.20836,0,
2020-12-31,lw_cc,12487.17542,12487.17542,0,0.05633143823
2020-12-31,ewma,50777.79429,50777.79429,0,
2020-12-31,pca3,14013.04059,14013.04059,0,
2021-01-29,sample,17791.85279,17791.85279,0,
2021-01-29,lw_cc,12547.19277,12547.19277,0,0.05547040481
2021-01-29,ewma,49670.33312,49670.33312,0,
2021-01-29,pca3,14015.76135,14015.76135,0,
2021-02-26,sample,17092.37932,17092.37932,0,
2021-02-26,lw_cc,12246.67525,12246.67525,0,0.05728143116
2021-02-26,ewma,37463.39635,37463.39635,0,
2021-02-26,pca3,13816.38056,13816.38056,0,
2021-03-31,sample,16377.0443,16377.0443,0,
2021-03-31,lw_cc,12007.02849,12007.02849,0,0.0582771443
2021-03-31,ewma,27749.47961,27749.47961,0,
2021-03-31,pca3,13710.38625,13710.38625,0,
2021-04-30,sample,16157.36909,16157.36909,0,
2021-04-30,lw_cc,11896.7188,11896.7188,0,0.05914229853
2021-04-30,ewma,26653.59829,26653.59829,0,
2021-04-30,pca3,13631.88959,13631.88959,0,
2021-05-28,sample,16077.2241,16077.2241,0,
2021-05-28,lw_cc,11922.78633,11922.78633,0,0.0589415488
2021-05-28,ewma,26887.36144,26887.36144,0,
2021-05-28,pca3,13701.26927,13701.26927,0,
2021-06-30,sample,15865.06736,15865.06736,0,
2021-06-30,lw_cc,11967.79285,11967.79285,0,0.05901943461
2021-06-30,ewma,14732.32106,14732.32106,0,
2021-06-30,pca3,13792.18043,13792.18043,0,
2021-07-30,sample,15659.30327,15659.30327,0,
2021-07-30,lw_cc,11903.48175,11903.48175,0,0.05776714204
2021-07-30,ewma,17696.71952,17696.71952,0,
2021-07-30,pca3,13580.27653,13580.27653,0,
2021-08-31,sample,15602.32999,15602.32999,0,
2021-08-31,lw_cc,11915.48299,11915.48299,0,0.05760254239
2021-08-31,ewma,23476.85357,23476.85357,0,
2021-08-31,pca3,13496.74522,13496.74522,0,
2021-09-30,sample,15615.09623,15615.09623,0,
2021-09-30,lw_cc,11990.517,11990.517,0,0.05677839554
2021-09-30,ewma,30461.44717,30461.44717,0,
2021-09-30,pca3,13495.77097,13495.77097,0,
2021-10-29,sample,15264.71254,15264.71254,0,
2021-10-29,lw_cc,11595.67157,11595.67157,0,0.05841627942
2021-10-29,ewma,16238.29863,16238.29863,0,
2021-10-29,pca3,12874.78391,12874.78391,0,
2021-11-30,sample,14605.30417,14605.30417,0,
2021-11-30,lw_cc,11130.09258,11130.09258,0,0.05844519913
2021-11-30,ewma,11345.92926,11345.92926,0,
2021-11-30,pca3,12359.63488,12359.63488,0,
2021-12-31,sample,14295.31609,14295.31609,0,
2021-12-31,lw_cc,10875.21913,10875.21913,0,0.06052549228
2021-12-31,ewma,9263.182355,9263.182355,0,
2021-12-31,pca3,12172.085,12172.085,0,
2022-01-31,sample,14119.58429,14119.58429,0,
2022-01-31,lw_cc,10762.99351,10762.99351,0,0.06139041138
2022-01-31,ewma,11489.33132,11489.33132,0,
2022-01-31,pca3,12171.13408,12171.13408,0,
2022-02-28,sample,12625.7128,12625.7128,0,
2022-02-28,lw_cc,9556.026225,9556.026225,0,0.060698624
2022-02-28,ewma,5967.300156,5967.300156,0,
2022-02-28,pca3,10719.5146,10719.5146,0,
2022-03-31,sample,12285.29756,12285.29756,0,
2022-03-31,lw_cc,9077.599977,9077.599977,0,0.05999393525
2022-03-31,ewma,7424.69334,7424.69334,0,
2022-03-31,pca3,10094.91248,10094.91248,0,
2022-04-29,sample,11846.71548,11846.71548,0,
2022-04-29,lw_cc,8687.406574,8687.406574,0,0.05886123806
2022-04-29,ewma,6275.88856,6275.88856,0,
2022-04-29,pca3,9332.708288,9332.708288,0,
2022-05-31,sample,11650.85878,11650.85878,0,
2022-05-31,lw_cc,8566.253854,8566.253854,0,0.05702230656
2022-05-31,ewma,9310.35301,9310.35301,0,
2022-05-31,pca3,9041.067526,9041.067526,0,
2022-06-30,sample,11821.55154,11821.55154,0,
2022-06-30,lw_cc,8459.999555,8459.999555,0,0.0550834377
2022-06-30,ewma,14337.17713,14337.17713,0,
2022-06-30,pca3,8535.896284,8535.896284,0,
2022-07-29,sample,11651.93407,11651.93407,0,
2022-07-29,lw_cc,8365.653551,8365.653551,0,0.05411676514
2022-07-29,ewma,9041.556178,9041.556178,0,
2022-07-29,pca3,8369.495581,8369.495581,0,
2022-08-31,sample,11376.71436,11376.71436,0,
2022-08-31,lw_cc,8079.395138,8079.395138,0,0.05654417477
2022-08-31,ewma,7676.699307,7676.699307,0,
2022-08-31,pca3,7988.092575,7988.092575,0,
2022-09-30,sample,10955.13127,10955.13127,0,
2022-09-30,lw_cc,7900.520095,7900.520095,0,0.05584472897
2022-09-30,ewma,7497.345539,7497.345539,0,
2022-09-30,pca3,7659.050382,7659.050382,0,
2022-10-31,sample,10815.89255,10815.89255,0,
2022-10-31,lw_cc,7873.212275,7873.212275,0,0.05493427254
2022-10-31,ewma,9446.378263,9446.378263,0,
2022-10-31,pca3,7527.652543,7527.652543,0,
2022-11-30,sample,10913.35166,10913.35166,0,
2022-11-30,lw_cc,7867.836545,7867.836545,0,0.05444599102
2022-11-30,ewma,12165.46725,12165.46725,0,
2022-11-30,pca3,7420.008395,7420.008395,0,
2022-12-30,sample,10722.38343,10722.38343,0,
2022-12-30,lw_cc,7749.628856,7749.628856,0,0.05375284996
2022-12-30,ewma,9310.413789,9310.413789,0,
2022-12-30,pca3,7249.294664,7249.294664,0,
2023-01-31,sample,10521.01518,10521.01518,0,
2023-01-31,lw_cc,7562.337439,7562.337439,0,0.05397046
2023-01-31,ewma,7005.351255,7005.351255,0,
2023-01-31,pca3,7069.973553,7069.973553,0,
2023-02-28,sample,10278.40916,10278.40916,0,
2023-02-28,lw_cc,7304.805161,7304.805161,0,0.05682028821
2023-02-28,ewma,6530.425367,6530.425367,0,
2023-02-28,pca3,6833.46503,6833.46503,0,
2023-03-31,sample,5990.225846,5990.225846,0,
2023-03-31,lw_cc,4648.825109,4648.825109,0,0.0271673442
2023-03-31,ewma,4978.887792,4978.887792,0,
2023-03-31,pca3,3267.931595,3267.931595,0,
2023-04-28,sample,5152.230649,5152.230649,0,
2023-04-28,lw_cc,3999.389953,3999.389953,0,0.02606213183
2023-04-28,ewma,4127.215133,4127.215133,0,
2023-04-28,pca3,2818.243883,2818.243883,0,
2023-05-31,sample,4871.44012,4871.44012,0,
2023-05-31,lw_cc,3723.495035,3723.495035,0,0.02661901575
2023-05-31,ewma,4582.84443,4582.84443,0,
2023-05-31,pca3,2654.819637,2654.819637,0,
2023-06-30,sample,4491.624232,4491.624232,0,
2023-06-30,lw_cc,3433.431585,3433.431585,0,0.02531665877
2023-06-30,ewma,4790.068464,4790.068464,0,
2023-06-30,pca3,2398.248971,2398.248971,0,
2023-07-31,sample,4339.970694,4339.970694,0,
2023-07-31,lw_cc,3291.533138,3291.533138,0,0.02615910261
2023-07-31,ewma,2909.79367,2909.79367,0,
2023-07-31,pca3,2319.338966,2319.338966,0,
2023-08-31,sample,4293.861537,4293.861537,0,
2023-08-31,lw_cc,3250.102901,3250.102901,0,0.02602976239
2023-08-31,ewma,2976.092921,2976.092921,0,
2023-08-31,pca3,2309.598199,2309.598199,0,
2023-09-29,sample,4133.664777,4133.664777,0,
2023-09-29,lw_cc,3095.109696,3095.109696,0,0.02684261501
2023-09-29,ewma,3771.051628,3771.051628,0,
2023-09-29,pca3,2188.0184,2188.0184,0,
2023-10-31,sample,4002.004316,4002.004316,0,
2023-10-31,lw_cc,2977.730977,2977.730977,0,0.02703683244
2023-10-31,ewma,4705.8172,4705.8172,0,
2023-10-31,pca3,2103.809882,2103.809882,0,
2023-11-30,sample,3881.68803,3881.68803,0,
2023-11-30,lw_cc,2896.581215,2896.581215,0,0.02605987288
2023-11-30,ewma,6374.649823,6374.649823,0,
2023-11-30,pca3,2046.557067,2046.557067,0,
2023-12-29,sample,3776.321608,3776.321608,0,
2023-12-29,lw_cc,2823.936643,2823.936643,0,0.02615418978
2023-12-29,ewma,5312.783657,5312.783657,0,
2023-12-29,pca3,2017.061597,2017.061597,0,
2024-01-31,sample,3712.167932,3712.167932,0,
2024-01-31,lw_cc,2763.301366,2763.301366,0,0.02648556955
2024-01-31,ewma,5510.342553,5510.342553,0,
2024-01-31,pca3,1979.760448,1979.760448,0,
2024-02-29,sample,3787.649493,3787.649493,0,
2024-02-29,lw_cc,2773.120237,2773.120237,0,0.02691949747
2024-02-29,ewma,7231.543132,7231.543132,0,
2024-02-29,pca3,1973.230695,1973.230695,0,
2024-03-28,sample,3843.197458,3843.197458,0,
2024-03-28,lw_cc,2762.102868,2762.102868,0,0.02744183097
2024-03-28,ewma,7033.227576,7033.227576,0,
2024-03-28,pca3,1948.350002,1948.350002,0,
2024-04-30,sample,3884.386845,3884.386845,0,
2024-04-30,lw_cc,2785.371867,2785.371867,0,0.02711384966
2024-04-30,ewma,5787.858918,5787.858918,0,
2024-04-30,pca3,1955.313822,1955.313822,0,
2024-05-31,sample,3916.405385,3916.405385,0,
2024-05-31,lw_cc,2781.135644,2781.135644,0,0.02736501833
2024-05-31,ewma,7648.098002,7648.098002,0,
2024-05-31,pca3,1943.08416,1943.08416,0,
2024-06-28,sample,4000.23258,4000.23258,0,
2024-06-28,lw_cc,2796.959654,2796.959654,0,0.02760250421
2024-06-28,ewma,6784.92776,6784.92776,0,
2024-06-28,pca3,1943.019806,1943.019806,0,
2024-07-31,sample,4013.878524,4013.878524,0,
2024-07-31,lw_cc,2773.71379,2773.71379,0,0.02867543966
2024-07-31,ewma,9528.486301,9528.486301,0,
2024-07-31,pca3,1943.351902,1943.351902,0,
2024-08-30,sample,3999.136586,3999.136586,0,
2024-08-30,lw_cc,2779.30661,2779.30661,0,0.02775828892
2024-08-30,ewma,9128.141269,9128.141269,0,
2024-08-30,pca3,1951.525394,1951.525394,0,
2024-09-30,sample,3971.030629,3971.030629,0,
2024-09-30,lw_cc,2749.704923,2749.704923,0,0.02814009736
2024-09-30,ewma,7560.077674,7560.077674,0,
2024-09-30,pca3,1951.833928,1951.833928,0,
2024-10-31,sample,3979.686493,3979.686493,0,
2024-10-31,lw_cc,2751.719564,2751.719564,0,0.02808805375
2024-10-31,ewma,4882.41017,4882.41017,0,
2024-10-31,pca3,1976.520206,1976.520206,0,
2024-11-29,sample,4002.030946,4002.030946,0,
2024-11-29,lw_cc,2716.5039,2716.5039,0,0.02892764274
2024-11-29,ewma,4267.814247,4267.814247,0,
2024-11-29,pca3,1950.427225,1950.427225,0,
2024-12-31,sample,3995.698775,3995.698775,0,
2024-12-31,lw_cc,2675.454618,2675.454618,0,0.02991542397
2024-12-31,ewma,4011.460727,4011.460727,0,
2024-12-31,pca3,1944.550031,1944.550031,0,
2025-01-31,sample,4018.614025,4018.614025,0,
2025-01-31,lw_cc,2659.152358,2659.152358,0,0.03090759781
2025-01-31,ewma,5258.68669,5258.68669,0,
2025-01-31,pca3,1947.958826,1947.958826,0,
2025-02-28,sample,4162.396986,4162.396986,0,
2025-02-28,lw_cc,2686.926645,2686.926645,0,0.03219683918
2025-02-28,ewma,7065.761621,7065.761621,0,
2025-02-28,pca3,1969.15446,1969.15446,0,
2025-03-31,sample,4406.243872,4406.243872,0,
2025-03-31,lw_cc,2785.857396,2785.857396,0,0.03314933129
2025-03-31,ewma,10510.83365,10510.83365,0,
2025-03-31,pca3,2013.137146,2013.137146,0,
2025-04-30,sample,5077.882806,5077.882806,0,
2025-04-30,lw_cc,2830.709566,2830.709566,0,0.04955252218
2025-04-30,ewma,34071.25654,34071.25654,0,
2025-04-30,pca3,2297.071906,2297.071906,0,
2025-05-30,sample,4976.234511,4976.234511,0,
2025-05-30,lw_cc,2705.450381,2705.450381,0,0.05238769734
2025-05-30,ewma,29200.55011,29200.55011,0,
2025-05-30,pca3,2286.222224,2286.222224,0,
2025-06-30,sample,4726.436704,4726.436704,0,
2025-06-30,lw_cc,2525.42369,2525.42369,0,0.0558948509
2025-06-30,ewma,17706.6099,17706.6099,0,
2025-06-30,pca3,2213.515434,2213.515434,0,
2025-07-31,sample,4899.590672,4899.590672,0,
2025-07-31,lw_cc,2486.464236,2486.464236,0,0.0592245682
2025-07-31,ewma,15595.36621,15595.36621,0,
2025-07-31,pca3,2184.566228,2184.566228,0,
2025-08-29,sample,4908.756427,4908.756427,0,
2025-08-29,lw_cc,2426.623691,2426.623691,0,0.06214466643
2025-08-29,ewma,7785.857475,7785.857475,0,
2025-08-29,pca3,2161.427529,2161.427529,0,
2025-09-30,sample,5118.387923,5118.387923,0,
2025-09-30,lw_cc,2347.53406,2347.53406,0,0.06501360472
2025-09-30,ewma,4595.393429,4595.393429,0,
2025-09-30,pca3,2146.830112,2146.830112,0,
2025-10-31,sample,5116.611856,5116.611856,0,
2025-10-31,lw_cc,2211.08767,2211.08767,0,0.06775446776
2025-10-31,ewma,4491.402606,4491.402606,0,
2025-10-31,pca3,2054.544946,2054.544946,0,
2025-11-28,sample,4866.495248,4866.495248,0,
2025-11-28,lw_cc,2116.727403,2116.727403,0,0.06599840535
2025-11-28,ewma,7321.578598,7321.578598,0,
2025-11-28,pca3,1962.608693,1962.608693,0,
2025-12-31,sample,4831.637921,4831.637921,0,
2025-12-31,lw_cc,2029.418819,2029.418819,0,0.06936694439
2025-12-31,ewma,7414.498344,7414.498344,0,
2025-12-31,pca3,1918.97139,1918.97139,0,
2026-01-30,sample,4860.501754,4860.501754,0,
2026-01-30,lw_cc,2024.899457,2024.899457,0,0.07058129954
2026-01-30,ewma,12498.81607,12498.81607,0,
2026-01-30,pca3,1916.705077,1916.705077,0,
2026-02-27,sample,4850.418511,4850.418511,0,
2026-02-27,lw_cc,2041.958788,2041.958788,0,0.06984106525
2026-02-27,ewma,15251.21205,15251.21205,0,
2026-02-27,pca3,1933.065333,1933.065333,0,
2026-03-31,sample,5597.406637,5597.406637,0,
2026-03-31,lw_cc,2542.942519,2542.942519,0,0.07236973393
2026-03-31,ewma,15478.80172,15478.80172,0,
2026-03-31,pca3,2555.953853,2555.953853,0,
2026-04-30,sample,5910.784833,5910.784833,0,
2026-04-30,lw_cc,2716.573611,2716.573611,0,0.0710203312
2026-04-30,ewma,15490.54931,15490.54931,0,
2026-04-30,pca3,2670.097051,2670.097051,0,
2026-05-29,sample,5903.975853,5903.975853,0,
2026-05-29,lw_cc,2783.564937,2783.564937,0,0.07091326577
2026-05-29,ewma,17141.93434,17141.93434,0,
2026-05-29,pca3,2752.926846,2752.926846,0,
2026-06-30,sample,6150.158749,6150.158749,0,
2026-06-30,lw_cc,2927.274009,2927.274009,0,0.0694804376
2026-06-30,ewma,25969.61019,25969.61019,0,
2026-06-30,pca3,2817.06569,2817.06569,0,
2026-07-31,sample,6540.737204,6540.737204,0,
2026-07-31,lw_cc,3059.16311,3059.16311,0,0.06643048533
2026-07-31,ewma,25923.56123,25923.56123,0,
2026-07-31,pca3,2883.522126,2883.522126,0,
