ticker,first_date,last_date,n_days,ann_return,ann_vol,worst_day,worst_date,best_day,best_date
SPY,2007-04-11,2026-09-15,4888,0.1093875314,0.1964624475,-0.1094235916,2020-03-16,0.1451974506,2008-10-13
IWM,2007-04-11,2026-09-15,4888,0.08194430476,0.2469076304,-0.1326694158,2020-03-16,0.0914914125,2020-03-24
EFA,2007-04-11,2026-09-15,4888,0.04664501464,0.216596706,-0.1116319265,2008-09-29,0.1588759376,2008-10-13
EEM,2007-04-11,2026-09-15,4888,0.04731082689,0.2801042533,-0.1616620893,2008-10-15,0.2276981974,2008-10-13
XLE,2007-04-11,2026-09-15,4888,0.07125208352,0.3025305345,-0.201411554,2020-03-09,0.1647462408,2008-10-13
XLF,2007-04-11,2026-09-15,4888,0.0557705342,0.3018331335,-0.1666671084,2008-12-01,0.1646189957,2009-03-23
XLK,2007-04-11,2026-09-15,4888,0.1671064533,0.2346846138,-0.1381398474,2020-03-16,0.1389829477,2008-10-28
XLU,2007-04-11,2026-09-15,4888,0.07319878905,0.1913278098,-0.1135773263,2020-03-16,0.1279343405,2020-03-17
XLV,2007-04-11,2026-09-15,4888,0.1037020856,0.1726716793,-0.09860998391,2020-03-16,0.1205469128,2008-10-13
SHY,2007-04-11,2026-09-15,4888,0.01822948475,0.01522711558,-0.006566084994,2009-06-05,0.009974235536,2023-03-13
IEF,2007-04-11,2026-09-15,4888,0.03088757216,0.0694853781,-0.02507246071,2020-03-17,0.03426284604,2009-03-18
TLT,2007-04-11,2026-09-15,4888,0.02750146712,0.1510409242,-0.06668209431,2020-03-17,0.07519551997,2020-03-20
TIP,2007-04-11,2026-09-15,4888,0.03331936966,0.06277609254,-0.02953097805,2008-10-08,0.04453698254,2020-03-20
LQD,2007-04-11,2026-09-15,4888,0.03919554678,0.08818807455,-0.09111102846,2008-09-29,0.0976773677,2008-09-30
HYG,2007-04-11,2026-09-15,4888,0.04859549789,0.1083397936,-0.08097486571,2008-09-29,0.1226894016,2008-10-13
GLD,2007-04-11,2026-09-15,4888,0.09559285728,0.1818111621,-0.1027424527,2026-01-30,0.112905301,2008-09-17
DBC,2007-04-11,2026-09-15,4888,0.02557238639,0.1929690522,-0.07944428445,2022-03-09,0.06874428931,2008-11-24
VNQ,2007-04-11,2026-09-15,4888,0.05155033414,0.295328441,-0.1951373341,2008-12-01,0.1700654476,2008-11-24
