strategy_id,n_months,ruined,ruin_month,ann_return,ann_vol,sharpe,max_dd,forecast_vol_ann,fcst_realised_ratio,mean_turnover,mean_positions,scs_retries,fallbacks,rp_not_converged,ridged_months
mv_unconstrained|sample|sample|A,191,True,2026-02,-1,1.090392801,,-1,0.9563093253,0.8770319509,29.07818153,17.98429319,0,0,0,0
mv_unconstrained|lw_cc|sample|A,196,False,,0.06276964448,1.029540515,0.6281555357,-0.9817804519,0.9201715367,0.893769136,24.16602751,17.98469388,0,0,0,0
mv_unconstrained|ewma|sample|A,37,True,2013-04,-1,2.153179375,,-1,1.561014235,0.7249810456,167.4386,17.97297297,0,0,0,0
mv_unconstrained|pca3|sample|A,191,True,2026-02,-1,1.512245927,,-1,1.046185787,0.6918092939,37.22889533,17.97382199,0,0,0,0
mv_constrained|sample|sample|C,196,False,,0.09234229077,0.1195237701,0.6728553102,-0.1742159995,0.1358730561,1.1367869,0.1767143371,4.525510204,64,0,0,0
mv_constrained|lw_cc|sample|C,196,False,,0.09261895086,0.1197703292,0.673838201,-0.1727783779,0.1361856199,1.137056405,0.1767464701,4.556122449,56,0,0,0
mv_constrained|ewma|sample|C,196,False,,0.09172938267,0.122230026,0.655955458,-0.2154233877,0.1249417583,1.022185484,0.1973482243,4.459183673,53,0,0,0
mv_constrained|pca3|sample|C,196,False,,0.09167392732,0.1204991503,0.6632875579,-0.1811727978,0.1365887018,1.133524191,0.1804813048,4.474489796,74,0,0,0
mv_constrained|lw_cc|bayes_stein|C,196,False,,0.08706230345,0.1017263064,0.7227331651,-0.1849011143,0.1140355946,1.121003983,0.1338550277,5.132653061,129,0,0,0
min_variance|sample|none|B,196,False,,0.03229504779,0.03643032933,0.4643489898,-0.1056454623,0.03521415396,0.9666164048,0.03382662222,6.62244898,0,0,0,0
min_variance|lw_cc|none|B,196,False,,0.03186477228,0.03645790366,0.4526320629,-0.1068641471,0.03533553584,0.9692146913,0.03263480186,6.632653061,0,0,0,0
min_variance|ewma|none|B,196,False,,0.02843861766,0.03502875134,0.3760728891,-0.1217024679,0.02895058933,0.8264807686,0.2100094062,6.37244898,0,0,0,0
min_variance|pca3|none|B,196,False,,0.03265868244,0.03627110568,0.4755987106,-0.1044651857,0.03566908412,0.9834021725,0.03628906383,6.469387755,0,0,0,0
risk_parity|sample|none|none,196,False,,0.04009682766,0.03970647167,0.6273499046,-0.09219955971,0.03903757463,0.9831539541,0.02148513495,18,0,0,0,0
risk_parity|lw_cc|none|none,196,False,,0.04032330939,0.03986030091,0.6304919241,-0.09231949706,0.03936593771,0.9875976049,0.02130068394,18,0,0,0,0
risk_parity|ewma|none|none,196,False,,0.03831725605,0.04065733324,0.5697325586,-0.1036147582,0.03437383423,0.8454522591,0.1197502501,17.92857143,0,0,1,0
risk_parity|pca3|none|none,196,False,,0.04045162817,0.04013498133,0.6292106259,-0.09322803722,0.04051667376,1.009510218,0.02185459014,18,0,0,1,0
black_litterman|sample|bl|C,196,False,,0.08309330636,0.1328564813,0.5535201481,-0.2144908503,0.1625787105,1.223716818,0.2304287808,5.632653061,93,0,0,0
black_litterman|lw_cc|bl|C,196,False,,0.08267519096,0.1332848133,0.5492595904,-0.21590076,0.1621803533,1.216795442,0.2316846164,5.607142857,120,0,0,0
black_litterman|ewma|bl|C,196,False,,0.08799193732,0.1391769895,0.5671523211,-0.265399735,0.1377531417,0.9897695171,0.2484596028,4.989795918,148,0,0,0
black_litterman|pca3|bl|C,196,False,,0.07100044131,0.1314092018,0.4724383272,-0.2068182621,0.1637321104,1.245971425,0.2220824409,5.693877551,136,0,0,0
hrp|sample|none|none,196,False,,0.01818450842,0.01782781785,0.1563756594,-0.06250404409,0.01649786595,0.9254001857,0.02114680464,6.836734694,0,0,0,0
hrp|lw_cc|none|none,196,False,,0.01816754693,0.01782746335,0.1553869993,-0.06255542772,0.01649258781,0.9251225199,0.02088453405,6.841836735,0,0,0,0
hrp|ewma|none|none,196,False,,0.01664387583,0.01922639892,0.06423582599,-0.07154867632,0.01514161931,0.7875431781,0.09505085552,7.12244898,0,0,0,0
hrp|pca3|none|none,196,False,,0.01839064477,0.01766104537,0.1705254727,-0.06293390996,0.01657431886,0.9384675999,0.01981509442,6.658163265,0,0,0,0
equal_weight|none|none|none,196,False,,0.08250631481,0.09764038308,0.7051003912,-0.1732933265,0.1121455808,1.148557362,0.02680629192,18,0,0,0,0
