decision_date,cond_daily,cond_monthly_before,cond_monthly_after,ridge_monthly
2010-04-30,9254.777548,17659.57367,17659.57367,0
2010-05-28,9494.746355,17218.04238,17218.04238,0
2010-06-30,9633.343233,15456.02486,15456.02486,0
2010-07-30,9698.737018,15597.35317,15597.35317,0
2010-08-31,9632.116443,14886.90615,14886.90615,0
2010-09-30,9791.111723,15913.39361,15913.39361,0
2010-10-29,9777.035487,18459.11874,18459.11874,0
2010-11-30,9606.578661,18146.37638,18146.37638,0
2010-12-31,9721.325839,18806.56207,18806.56207,0
2011-01-31,9908.060725,18883.46745,18883.46745,0
2011-02-28,9953.509385,20959.44988,20959.44988,0
2011-03-31,10212.11217,20767.53279,20767.53279,0
2011-04-29,10371.36465,25711.61537,25711.61537,0
2011-05-31,10745.48456,25016.89551,25016.89551,0
2011-06-30,11547.6074,24265.7716,24265.7716,0
2011-07-29,11724.01729,30543.27099,30543.27099,0
2011-08-31,12205.93404,27585.18054,27585.18054,0
2011-09-30,12677.2887,34947.28818,34947.28818,0
2011-10-31,12898.3723,51504.13473,51504.13473,0
2011-11-30,12206.02522,47484.00561,47484.00561,0
2011-12-30,12120.32025,44649.76642,44649.76642,0
2012-01-31,12003.98729,35402.21853,35402.21853,0
2012-02-29,11643.91704,32861.20283,32861.20283,0
2012-03-30,10442.05835,31517.30655,31517.30655,0
2012-04-30,10034.761,27194.54958,27194.54958,0
2012-05-31,9855.419828,27697.87019,27697.87019,0
2012-06-29,12154.12835,25843.69604,25843.69604,0
2012-07-31,12315.92516,23857.06708,23857.06708,0
2012-08-31,12379.15942,23940.61729,23940.61729,0
2012-09-28,12775.34421,24753.06326,24753.06326,0
2012-10-31,12815.41727,23242.27633,23242.27633,0
2012-11-30,12910.26712,24153.63624,24153.63624,0
2012-12-31,14298.28615,24109.29754,24109.29754,0
2013-01-31,14539.2357,33442.86743,33442.86743,0
2013-02-28,14843.06881,37657.2659,37657.2659,0
2013-03-28,15261.6352,40472.8603,40472.8603,0
2013-04-30,16317.96425,41600.69928,41600.69928,0
2013-05-31,16842.0651,39452.55028,39452.55028,0
2013-06-28,16508.79672,42261.37785,42261.37785,0
2013-07-31,16129.52442,37185.56936,37185.56936,0
2013-08-30,16108.8182,36330.36343,36330.36343,0
2013-09-30,15950.50062,33415.73939,33415.73939,0
2013-10-31,16080.35,33217.19227,33217.19227,0
2013-11-29,18188.62619,31917.2867,31917.2867,0
2013-12-31,19947.8902,32274.25808,32274.25808,0
2014-01-31,20718.23511,32510.1477,32510.1477,0
2014-02-28,21472.74301,37089.50583,37089.50583,0
2014-03-31,24057.62003,42034.33916,42034.33916,0
2014-04-30,26877.64876,62635.96985,62635.96985,0
2014-05-30,26945.93409,72210.61036,72210.61036,0
2014-06-30,28048.93702,62756.8815,62756.8815,0
2014-07-31,27688.27772,63191.51517,63191.51517,0
2014-08-29,21732.77446,60127.71786,60127.71786,0
2014-09-30,19516.8662,44133.82794,44133.82794,0
2014-10-31,15865.45579,32238.64875,32238.64875,0
2014-11-28,13353.87213,32170.45491,32170.45491,0
2014-12-31,11621.65051,33922.48184,33922.48184,0
2015-01-30,11449.74945,20723.35262,20723.35262,0
2015-02-27,11197.62144,21388.38395,21388.38395,0
2015-03-31,10896.32892,22144.87959,22144.87959,0
2015-04-30,10476.1414,20076.83775,20076.83775,0
2015-05-29,9967.103778,14418.98034,14418.98034,0
2015-06-30,9427.109304,14813.84258,14813.84258,0
2015-07-31,8896.076062,14313.1634,14313.1634,0
2015-08-31,9282.486993,16255.56564,16255.56564,0
2015-09-30,9573.837374,19123.68294,19123.68294,0
2015-10-30,9620.078669,24866.35907,24866.35907,0
2015-11-30,9268.170193,21485.55764,21485.55764,0
2015-12-31,9236.634277,16594.86911,16594.86911,0
2016-01-29,9685.398125,13330.31604,13330.31604,0
2016-02-29,9584.219537,13746.84634,13746.84634,0
2016-03-31,9519.489047,14971.35119,14971.35119,0
2016-04-29,9378.679156,14951.81385,14951.81385,0
2016-05-31,9276.331063,17397.71041,17397.71041,0
2016-06-30,9427.236224,17471.16295,17471.16295,0
2016-07-29,9419.217263,17841.26516,17841.26516,0
2016-08-31,9631.335203,17091.10743,17091.10743,0
2016-09-30,9955.049071,18447.89271,18447.89271,0
2016-10-31,10019.11363,17742.65974,17742.65974,0
2016-11-30,10282.47145,15269.85665,15269.85665,0
2016-12-30,10299.1268,20308.00551,20308.00551,0
2017-01-31,10126.37355,20614.89775,20614.89775,0
2017-02-28,10018.77197,19418.83866,19418.83866,0
2017-03-31,10072.23021,19293.42663,19293.42663,0
2017-04-28,9881.298395,19359.8262,19359.8262,0
2017-05-31,10027.95356,21671.29364,21671.29364,0
2017-06-30,9994.866358,21014.47475,21014.47475,0
2017-07-31,9982.307731,21203.00733,21203.00733,0
2017-08-31,9686.172525,20972.25626,20972.25626,0
2017-09-29,9681.724051,30645.71042,30645.71042,0
2017-10-31,8168.003557,33806.67025,33806.67025,0
2017-11-30,8030.05792,28031.35736,28031.35736,0
2017-12-29,8055.244398,27849.94805,27849.94805,0
2018-01-31,7844.807213,25496.37132,25496.37132,0
2018-02-28,8277.999797,25906.65812,25906.65812,0
2018-03-29,8360.98206,24589.56163,24589.56163,0
2018-04-30,8472.722674,25972.55372,25972.55372,0
2018-05-31,8341.752489,23131.82653,23131.82653,0
2018-06-29,8432.205378,36056.29815,36056.29815,0
2018-07-31,8438.358858,37067.65399,37067.65399,0
2018-08-31,7945.985285,30628.33736,30628.33736,0
2018-09-28,7400.206461,28083.483,28083.483,0
2018-10-31,7642.869148,28041.09767,28041.09767,0
2018-11-30,7857.859661,26505.59795,26505.59795,0
2018-12-31,8189.780083,27486.76262,27486.76262,0
2019-01-31,7850.615254,28335.19822,28335.19822,0
2019-02-28,7662.384921,29408.14169,29408.14169,0
2019-03-29,7630.450735,24130.04394,24130.04394,0
2019-04-30,7536.115421,24200.68495,24200.68495,0
2019-05-31,7613.283688,27913.72432,27913.72432,0
2019-06-28,6959.66021,34692.42757,34692.42757,0
2019-07-31,6774.65187,30252.81028,30252.81028,0
2019-08-30,7069.334905,26478.03046,26478.03046,0
2019-09-30,6818.64418,27511.57196,27511.57196,0
2019-10-31,6857.807515,28271.5383,28271.5383,0
2019-11-29,7001.245735,37330.7066,37330.7066,0
2019-12-31,7195.815385,31006.58075,31006.58075,0
2020-01-31,7406.306044,33027.09372,33027.09372,0
2020-02-28,7905.564909,34431.19363,34431.19363,0
2020-03-31,13026.66122,52614.57785,52614.57785,0
2020-04-30,13992.30559,55980.28801,55980.28801,0
2020-05-29,14238.09415,53839.4209,53839.4209,0
2020-06-30,15034.97944,53959.43848,53959.43848,0
2020-07-31,15231.92786,46229.78189,46229.78189,0
2020-08-31,15515.1933,54135.85387,54135.85387,0
2020-09-30,15826.41601,55977.14458,55977.14458,0
2020-10-30,17416.92166,53647.10071,53647.10071,0
2020-11-30,17743.4033,63868.20252,63868.20252,0
2020-12-31,17845.20836,74208.8079,74208.8079,0
2021-01-29,17811.85498,79910.74265,79910.74265,0
2021-02-26,17061.98338,81340.21351,81340.21351,0
2021-03-31,16377.0443,37273.48562,37273.48562,0
2021-04-30,16157.36909,40901.98636,40901.98636,0
2021-05-28,16231.48767,37742.64576,37742.64576,0
2021-06-30,15865.06736,35486.76661,35486.76661,0
2021-07-30,15661.41125,35554.06077,35554.06077,0
2021-08-31,15602.32999,37041.25292,37041.25292,0
2021-09-30,15615.09623,39830.10713,39830.10713,0
2021-10-29,15250.23884,35842.79053,35842.79053,0
2021-11-30,14605.30417,36653.54326,36653.54326,0
2021-12-31,14295.31609,33895.58134,33895.58134,0
2022-01-31,14119.58429,24450.73173,24450.73173,0
2022-02-28,12625.7128,20271.97759,20271.97759,0
2022-03-31,12285.29756,20114.89309,20114.89309,0
2022-04-29,11855.73272,19039.23431,19039.23431,0
2022-05-31,11650.85878,16962.43392,16962.43392,0
2022-06-30,11821.55154,13607.95096,13607.95096,0
2022-07-29,11662.18639,10339.63169,10339.63169,0
2022-08-31,11376.71436,10755.85868,10755.85868,0
2022-09-30,10955.13127,11325.02735,11325.02735,0
2022-10-31,10815.89255,11719.052,11719.052,0
2022-11-30,10913.35166,10842.57514,10842.57514,0
2022-12-30,10726.26376,10581.14351,10581.14351,0
2023-01-31,10521.01518,11291.93832,11291.93832,0
2023-02-28,10278.40916,10805.45907,10805.45907,0
2023-03-31,5990.225846,8998.874896,8998.874896,0
2023-04-28,5121.310278,7611.389405,7611.389405,0
2023-05-31,4871.44012,8047.007066,8047.007066,0
2023-06-30,4491.624232,7476.509815,7476.509815,0
2023-07-31,4339.970694,7469.374663,7469.374663,0
2023-08-31,4293.861537,8045.884945,8045.884945,0
2023-09-29,4132.622924,7763.622337,7763.622337,0
2023-10-31,4002.004316,7598.045428,7598.045428,0
2023-11-30,3881.68803,6795.664341,6795.664341,0
2023-12-29,3775.955956,6001.443424,6001.443424,0
2024-01-31,3712.167932,6193.036438,6193.036438,0
2024-02-29,3787.649493,6900.90444,6900.90444,0
2024-03-28,3866.88024,7055.130901,7055.130901,0
2024-04-30,3884.386845,6685.362176,6685.362176,0
2024-05-31,3916.405385,6679.59278,6679.59278,0
2024-06-28,4000.224418,6657.383078,6657.383078,0
2024-07-31,4013.878524,6663.565258,6663.565258,0
2024-08-30,4000.565273,6786.152138,6786.152138,0
2024-09-30,3971.030629,7050.57268,7050.57268,0
2024-10-31,3979.686493,7625.254376,7625.254376,0
2024-11-29,4040.082721,7740.528676,7740.528676,0
2024-12-31,3995.698775,7980.353534,7980.353534,0
2025-01-31,4018.614025,8877.477811,8877.477811,0
2025-02-28,4162.396986,9633.28505,9633.28505,0
2025-03-31,4406.243872,9694.067815,9694.067815,0
2025-04-30,5077.882806,9186.428534,9186.428534,0
2025-05-30,4983.980478,8948.708592,8948.708592,0
2025-06-30,4726.436704,13049.63998,13049.63998,0
2025-07-31,4899.590672,13806.07111,13806.07111,0
2025-08-29,4891.336071,17518.69434,17518.69434,0
2025-09-30,5118.387923,17170.19176,17170.19176,0
2025-10-31,5116.611856,15242.8147,15242.8147,0
2025-11-28,4845.385774,11477.86054,11477.86054,0
2025-12-31,4831.637921,12613.7458,12613.7458,0
2026-01-30,4852.670086,11968.9388,11968.9388,0
2026-02-27,4856.76522,10691.4851,10691.4851,0
2026-03-31,5597.406637,12083.9621,12083.9621,0
2026-04-30,5910.784833,13064.07097,13064.07097,0
2026-05-29,5917.354774,15377.43179,15377.43179,0
2026-06-30,6150.158749,15825.20485,15825.20485,0
2026-07-31,6540.737204,15897.02877,15897.02877,0
