date,strategy,mean_abs_change,frac_top_asset_changes
2012-12-31,mv_unconstrained|sample|sample|A,79.57236047,0.366
2012-12-31,mv_constrained|lw_cc|sample|B,0.9381179985,0.783
2012-12-31,mv_constrained|lw_cc|bayes_stein|B,0.915546856,0.615
2012-12-31,black_litterman|lw_cc|bl|B,1.231824975,0.949
2012-12-31,min_variance|lw_cc|none|B,0,0
2012-12-31,risk_parity|lw_cc|none|none,0,0
2012-12-31,hrp|lw_cc|none|none,0,0
2020-02-28,mv_unconstrained|sample|sample|A,118.6340523,0.514
2020-02-28,mv_constrained|lw_cc|sample|B,0.8447898697,0.396
2020-02-28,mv_constrained|lw_cc|bayes_stein|B,0.8001033833,0.467
2020-02-28,black_litterman|lw_cc|bl|B,0.4224915252,0.676
2020-02-28,min_variance|lw_cc|none|B,0,0
2020-02-28,risk_parity|lw_cc|none|none,0,0
2020-02-28,hrp|lw_cc|none|none,0,0
2026-07-31,mv_unconstrained|sample|sample|A,109.1116878,0.607
2026-07-31,mv_constrained|lw_cc|sample|B,0.9410652306,0.643
2026-07-31,mv_constrained|lw_cc|bayes_stein|B,0.9568763097,0.642
2026-07-31,black_litterman|lw_cc|bl|B,0.2094992337,0.413
2026-07-31,min_variance|lw_cc|none|B,0,0
2026-07-31,risk_parity|lw_cc|none|none,0,0
2026-07-31,hrp|lw_cc|none|none,0,0
