date,strategy,ticker,w_base,p05,p25,p50,p75,p95,iqr
2012-12-31,mv_unconstrained|sample|sample|A,SPY,26.98480737,-7.389349851,12.37978993,26.49388599,41.69317284,61.10715579,29.31338292
2012-12-31,mv_unconstrained|sample|sample|A,IWM,-1.462715159,-6.726319528,-3.514084966,-1.445220838,0.6597077749,3.602479719,4.173792741
2012-12-31,mv_unconstrained|sample|sample|A,EFA,-3.695238089,-8.563896622,-5.686127071,-3.513715579,-1.538021166,1.282215448,4.148105906
2012-12-31,mv_unconstrained|sample|sample|A,EEM,-2.674894849,-7.136957722,-4.594606081,-2.694558795,-1.008167301,1.595845797,3.58643878
2012-12-31,mv_unconstrained|sample|sample|A,XLE,-2.82997979,-8.998445644,-5.236892466,-2.705876761,0.07804753314,3.223786906,5.314939999
2012-12-31,mv_unconstrained|sample|sample|A,XLF,-4.960059027,-11.91010561,-7.614179165,-4.851002746,-2.250338415,1.620405653,5.36384075
2012-12-31,mv_unconstrained|sample|sample|A,XLK,-6.170694864,-17.58285505,-10.88413884,-5.902641065,-1.404083076,5.070933713,9.480055762
2012-12-31,mv_unconstrained|sample|sample|A,XLU,-1.573721442,-6.677660627,-3.745402363,-1.642719434,0.3692634377,3.672887058,4.114665801
2012-12-31,mv_unconstrained|sample|sample|A,XLV,-0.5313415172,-8.966281,-3.984075716,-0.426877312,2.945744304,7.402114039,6.92982002
2012-12-31,mv_unconstrained|sample|sample|A,SHY,-32.08999448,-45.14964561,-37.59521859,-32.00495921,-26.49576277,-18.30112594,11.09945582
2012-12-31,mv_unconstrained|sample|sample|A,IEF,17.47365557,-0.5974525636,9.224275861,17.33169612,24.40650786,36.01544503,15.182232
2012-12-31,mv_unconstrained|sample|sample|A,TLT,-3.378698466,-9.619351544,-5.994506128,-3.204575724,-0.2456061442,3.768810885,5.748899984
2012-12-31,mv_unconstrained|sample|sample|A,TIP,3.25283788,-7.913983239,-1.209208456,3.443935226,7.676912813,14.03484476,8.886121269
2012-12-31,mv_unconstrained|sample|sample|A,LQD,3.750263369,-6.843881242,-0.6410636725,3.593112581,8.314366465,14.53668809,8.955430138
2012-12-31,mv_unconstrained|sample|sample|A,HYG,6.42759376,-0.2954450322,3.483995907,6.743837016,9.508387511,14.00473331,6.024391605
2012-12-31,mv_unconstrained|sample|sample|A,GLD,1.722225103,-0.9829813827,0.6617001433,1.701106563,2.735517074,4.259871641,2.073816931
2012-12-31,mv_unconstrained|sample|sample|A,DBC,-0.1206864835,-3.457685808,-1.59714912,-0.1571836039,1.180616952,3.084969303,2.777766072
2012-12-31,mv_unconstrained|sample|sample|A,VNQ,0.8766411163,-2.860699933,-0.6526773436,0.7496626896,2.255994131,4.46484751,2.908671475
2012-12-31,mv_constrained|lw_cc|sample|B,SPY,9.075587207e-12,-2.718107773e-15,4.789871133e-14,2.72669886e-13,1.485170882e-12,0.08946658729,1.437272171e-12
2012-12-31,mv_constrained|lw_cc|sample|B,IWM,0.09999999988,-4.948959229e-15,5.936385765e-14,6.924260145e-13,0.129786942,0.3,0.129786942
2012-12-31,mv_constrained|lw_cc|sample|B,EFA,5.396420136e-13,-2.078835588e-14,5.301385409e-15,6.581735017e-14,4.09079805e-13,1.256412944e-10,4.037784196e-13
2012-12-31,mv_constrained|lw_cc|sample|B,EEM,6.170288752e-13,-1.983258036e-14,6.697753801e-15,7.848895286e-14,5.45646321e-13,0.149878939,5.389485672e-13
2012-12-31,mv_constrained|lw_cc|sample|B,XLE,4.646046851e-12,-6.214775197e-15,2.648665018e-14,3.763059319e-13,0.04233978077,0.3,0.04233978077
2012-12-31,mv_constrained|lw_cc|sample|B,XLF,8.209326715e-13,-1.412716067e-14,7.160409315e-15,1.12518505e-13,8.377374053e-13,0.2999999999,8.30576996e-13
2012-12-31,mv_constrained|lw_cc|sample|B,XLK,4.191302591e-12,-1.866337606e-15,3.94652425e-14,2.792337416e-13,3.098486452e-12,0.3,3.059021209e-12
2012-12-31,mv_constrained|lw_cc|sample|B,XLU,1.86038107e-12,-2.333993105e-15,2.542112343e-14,1.880638557e-13,1.073338881e-12,0.3,1.047917758e-12
2012-12-31,mv_constrained|lw_cc|sample|B,XLV,2.107079674e-11,-1.190591547e-15,4.761593519e-14,4.36412247e-13,7.986389051e-12,0.3,7.938773116e-12
2012-12-31,mv_constrained|lw_cc|sample|B,SHY,3.252888273e-13,-1.697805148e-14,6.90512231e-15,4.497917074e-14,2.260693136e-13,1.011205795e-12,2.191641913e-13
2012-12-31,mv_constrained|lw_cc|sample|B,IEF,3.998698777e-11,7.432550444e-15,1.188444586e-13,9.398037482e-13,0.1,0.3,0.1
2012-12-31,mv_constrained|lw_cc|sample|B,TLT,0.3,1.589642843e-14,0.01629240555,0.3,0.3,0.3,0.2837075945
2012-12-31,mv_constrained|lw_cc|sample|B,TIP,4.498885023e-12,5.608057693e-15,6.583626756e-14,4.236900572e-13,3.045936299e-12,0.2391508273,2.980100031e-12
2012-12-31,mv_constrained|lw_cc|sample|B,LQD,2.443914041e-11,1.013119868e-14,9.455653337e-14,6.675923145e-13,2.984950412e-11,0.3,2.975494758e-11
2012-12-31,mv_constrained|lw_cc|sample|B,HYG,9.880563814e-12,3.638734538e-15,5.433871135e-14,3.148212064e-13,2.214825931e-12,0.3,2.16048722e-12
2012-12-31,mv_constrained|lw_cc|sample|B,GLD,0.3,3.333698115e-15,2.559556557e-13,0.1261883524,0.3,0.3,0.3
2012-12-31,mv_constrained|lw_cc|sample|B,DBC,7.049567231e-13,-2.997309105e-14,5.326775439e-15,8.870049991e-14,5.620062732e-13,0.2736218563,5.566794978e-13
2012-12-31,mv_constrained|lw_cc|sample|B,VNQ,0.3,-3.420540297e-16,3.07985713e-13,0.11207524,0.3,0.3,0.3
2012-12-31,mv_constrained|lw_cc|bayes_stein|B,SPY,2.898164778e-13,-6.69003107e-17,6.759284956e-14,3.963276344e-13,1.881898722e-12,0.05416961845,1.814305873e-12
2012-12-31,mv_constrained|lw_cc|bayes_stein|B,IWM,0.01397610287,-1.471181852e-15,7.304771283e-14,8.74853741e-13,0.09061102921,0.3,0.09061102921
2012-12-31,mv_constrained|lw_cc|bayes_stein|B,EFA,5.940350776e-15,-1.417577267e-14,1.500999582e-14,9.042756772e-14,5.707674397e-13,6.83588565e-12,5.557574438e-13
2012-12-31,mv_constrained|lw_cc|bayes_stein|B,EEM,7.554393022e-15,-1.048392006e-14,1.622822768e-14,1.229193263e-13,6.126450917e-13,0.08045660035,5.964168641e-13
2012-12-31,mv_constrained|lw_cc|bayes_stein|B,XLE,8.565229448e-14,-2.021433269e-15,4.967480951e-14,4.472136349e-13,3.773587064e-10,0.3,3.773090316e-10
2012-12-31,mv_constrained|lw_cc|bayes_stein|B,XLF,1.240277844e-14,-9.913442103e-15,2.100941355e-14,1.468966025e-13,9.213774594e-13,0.1601822355,9.003680459e-13
2012-12-31,mv_constrained|lw_cc|bayes_stein|B,XLK,1.0792652e-13,7.282320359e-16,5.650746945e-14,4.004527808e-13,5.031262247e-12,0.3,4.974754778e-12
2012-12-31,mv_constrained|lw_cc|bayes_stein|B,XLU,3.668052079e-14,3.688074741e-16,4.683130316e-14,2.923954331e-13,1.739017002e-12,0.3,1.692185699e-12
2012-12-31,mv_constrained|lw_cc|bayes_stein|B,XLV,0.02417469601,2.459188105e-15,7.514085602e-14,6.099347667e-13,5.014634158e-11,0.3,5.007120073e-11
2012-12-31,mv_constrained|lw_cc|bayes_stein|B,SHY,9.414919053e-16,-3.597627649e-16,2.27095418e-14,9.09496992e-14,4.092339539e-13,1.657444986e-12,3.865244121e-13
2012-12-31,mv_constrained|lw_cc|bayes_stein|B,IEF,0.06184920111,2.455747646e-14,2.587455205e-13,2.610709647e-12,0.124532838,0.3,0.124532838
2012-12-31,mv_constrained|lw_cc|bayes_stein|B,TLT,0.3,7.708493931e-14,0.1119420153,0.3,0.3,0.3,0.1880579847
2012-12-31,mv_constrained|lw_cc|bayes_stein|B,TIP,8.306625602e-14,1.437157004e-14,1.231145999e-13,7.983643741e-13,7.942255059e-12,0.2748588651,7.819140459e-12
2012-12-31,mv_constrained|lw_cc|bayes_stein|B,LQD,1.188232851e-12,2.199705325e-14,2.019583836e-13,1.37109099e-12,0.008858818024,0.3,0.008858818024
2012-12-31,mv_constrained|lw_cc|bayes_stein|B,HYG,6.077203493e-13,1.242063202e-14,9.899091589e-14,6.261960745e-13,5.652981673e-12,0.3,5.553990757e-12
2012-12-31,mv_constrained|lw_cc|bayes_stein|B,GLD,0.3,1.09142088e-14,5.239346898e-13,0.1657898753,0.3,0.3,0.3
2012-12-31,mv_constrained|lw_cc|bayes_stein|B,DBC,4.374934838e-15,-1.765077924e-14,1.622135336e-14,1.447550851e-13,7.945413782e-13,0.2271774131,7.783200248e-13
2012-12-31,mv_constrained|lw_cc|bayes_stein|B,VNQ,0.3,5.862244523e-15,6.942186724e-13,0.1,0.3,0.3,0.3
2012-12-31,black_litterman|lw_cc|bl|B,SPY,1.68175707e-11,-2.679526903e-17,4.022338783e-13,4.224263856e-12,7.131079784e-11,0.1179498523,7.090856396e-11
2012-12-31,black_litterman|lw_cc|bl|B,IWM,1.991886285e-11,-3.156087834e-15,5.974322512e-12,0.03271939865,0.2871338289,0.3,0.2871338289
2012-12-31,black_litterman|lw_cc|bl|B,EFA,0.1906934629,-3.683052165e-15,7.494382616e-11,0.1339419221,0.2630304499,0.2999999999,0.2630304498
2012-12-31,black_litterman|lw_cc|bl|B,EEM,8.256678146e-12,-2.205597513e-15,4.453139923e-12,3.742737972e-08,0.1276360792,0.2949125683,0.1276360792
2012-12-31,black_litterman|lw_cc|bl|B,XLE,8.800066236e-13,-7.867150143e-16,5.225962182e-13,2.377727471e-12,1.078854384e-11,0.01610257386,1.026594762e-11
2012-12-31,black_litterman|lw_cc|bl|B,XLF,0.2105214343,-1.802163125e-15,0.01933623225,0.2139552176,0.3,0.3,0.2806637677
2012-12-31,black_litterman|lw_cc|bl|B,XLK,0.23252939,-3.818738017e-16,4.132147182e-13,7.960294568e-12,0.07568701822,0.2108951705,0.07568701822
2012-12-31,black_litterman|lw_cc|bl|B,XLU,1.735343362e-12,-1.21459585e-14,1.246035864e-13,1.580478265e-12,1.585463215e-11,0.02028915113,1.573002857e-11
2012-12-31,black_litterman|lw_cc|bl|B,XLV,0.1707994421,-4.507771145e-15,2.485095228e-13,4.768676967e-12,0.04870064648,0.1652906796,0.04870064648
2012-12-31,black_litterman|lw_cc|bl|B,SHY,1.132293908e-11,3.412380593e-14,2.51793841e-13,3.897535982e-12,0.06130205618,0.2861659072,0.06130205618
2012-12-31,black_litterman|lw_cc|bl|B,IEF,1.94816721e-11,3.136237996e-14,2.296560653e-13,9.586140653e-11,0.2133614905,0.3,0.2133614905
2012-12-31,black_litterman|lw_cc|bl|B,TLT,1.777863423e-09,1.211488247e-14,1.322655658e-13,1.105439746e-09,0.208584016,0.3,0.208584016
2012-12-31,black_litterman|lw_cc|bl|B,TIP,1.151467565e-11,3.261218839e-14,2.44544569e-13,1.537998469e-11,0.02299610635,0.3,0.02299610635
2012-12-31,black_litterman|lw_cc|bl|B,LQD,0.01629522519,3.362108045e-14,2.51031094e-13,5.322682725e-11,0.06121600787,0.1,0.06121600787
2012-12-31,black_litterman|lw_cc|bl|B,HYG,9.465464563e-10,3.974764649e-15,1.044710583e-13,1.822327422e-12,7.728027281e-10,0.03599313194,7.72698257e-10
2012-12-31,black_litterman|lw_cc|bl|B,GLD,3.537512075e-12,3.245532077e-14,2.214855607e-13,1.84045806e-12,2.796210714e-10,0.03885619123,2.793995858e-10
2012-12-31,black_litterman|lw_cc|bl|B,DBC,6.417643931e-13,-3.991740945e-15,1.161241327e-13,8.18012615e-13,6.496250152e-12,0.02842731665,6.38012602e-12
2012-12-31,black_litterman|lw_cc|bl|B,VNQ,0.1791610428,-2.183037285e-15,1.607795807e-12,0.0241973563,0.1140007568,0.1993332344,0.1140007568
2012-12-31,min_variance|lw_cc|none|B,SPY,5.216985396e-11,5.216985396e-11,5.216985396e-11,5.216985396e-11,5.216985396e-11,5.216985396e-11,0
2012-12-31,min_variance|lw_cc|none|B,IWM,5.873294142e-12,5.873294142e-12,5.873294142e-12,5.873294142e-12,5.873294142e-12,5.873294142e-12,0
2012-12-31,min_variance|lw_cc|none|B,EFA,4.897285936e-12,4.897285936e-12,4.897285936e-12,4.897285936e-12,4.897285936e-12,4.897285936e-12,0
2012-12-31,min_variance|lw_cc|none|B,EEM,2.991781973e-12,2.991781973e-12,2.991781973e-12,2.991781973e-12,2.991781973e-12,2.991781973e-12,0
2012-12-31,min_variance|lw_cc|none|B,XLE,6.41212255e-12,6.41212255e-12,6.41212255e-12,6.41212255e-12,6.41212255e-12,6.41212255e-12,0
2012-12-31,min_variance|lw_cc|none|B,XLF,1.314094609e-11,1.314094609e-11,1.314094609e-11,1.314094609e-11,1.314094609e-11,1.314094609e-11,0
2012-12-31,min_variance|lw_cc|none|B,XLK,9.472525869e-11,9.472525869e-11,9.472525869e-11,9.472525869e-11,9.472525869e-11,9.472525869e-11,0
2012-12-31,min_variance|lw_cc|none|B,XLU,0.04139718093,0.04139718093,0.04139718093,0.04139718093,0.04139718093,0.04139718093,0
2012-12-31,min_variance|lw_cc|none|B,XLV,0.04945493597,0.04945493597,0.04945493597,0.04945493597,0.04945493597,0.04945493597,0
2012-12-31,min_variance|lw_cc|none|B,SHY,0.3,0.3,0.3,0.3,0.3,0.3,0
2012-12-31,min_variance|lw_cc|none|B,IEF,0.2264823875,0.2264823875,0.2264823875,0.2264823875,0.2264823875,0.2264823875,0
2012-12-31,min_variance|lw_cc|none|B,TLT,4.483018907e-12,4.483018907e-12,4.483018907e-12,4.483018907e-12,4.483018907e-12,4.483018907e-12,0
2012-12-31,min_variance|lw_cc|none|B,TIP,0.1989511277,0.1989511277,0.1989511277,0.1989511277,0.1989511277,0.1989511277,0
2012-12-31,min_variance|lw_cc|none|B,LQD,0.04672837121,0.04672837121,0.04672837121,0.04672837121,0.04672837121,0.04672837121,0
2012-12-31,min_variance|lw_cc|none|B,HYG,0.1331272751,0.1331272751,0.1331272751,0.1331272751,0.1331272751,0.1331272751,0
2012-12-31,min_variance|lw_cc|none|B,GLD,1.199765577e-11,1.199765577e-11,1.199765577e-11,1.199765577e-11,1.199765577e-11,1.199765577e-11,0
2012-12-31,min_variance|lw_cc|none|B,DBC,0.003858721411,0.003858721411,0.003858721411,0.003858721411,0.003858721411,0.003858721411,0
2012-12-31,min_variance|lw_cc|none|B,VNQ,3.311422025e-12,3.311422025e-12,3.311422025e-12,3.311422025e-12,3.311422025e-12,3.311422025e-12,0
2012-12-31,risk_parity|lw_cc|none|none,SPY,0.01456597465,0.01456597465,0.01456597465,0.01456597465,0.01456597465,0.01456597465,0
2012-12-31,risk_parity|lw_cc|none|none,IWM,0.01047456276,0.01047456276,0.01047456276,0.01047456276,0.01047456276,0.01047456276,0
2012-12-31,risk_parity|lw_cc|none|none,EFA,0.01081949051,0.01081949051,0.01081949051,0.01081949051,0.01081949051,0.01081949051,0
2012-12-31,risk_parity|lw_cc|none|none,EEM,0.009760944603,0.009760944603,0.009760944603,0.009760944603,0.009760944603,0.009760944603,0
2012-12-31,risk_parity|lw_cc|none|none,XLE,0.01072604042,0.01072604042,0.01072604042,0.01072604042,0.01072604042,0.01072604042,0
2012-12-31,risk_parity|lw_cc|none|none,XLF,0.01114300226,0.01114300226,0.01114300226,0.01114300226,0.01114300226,0.01114300226,0
2012-12-31,risk_parity|lw_cc|none|none,XLK,0.01477396901,0.01477396901,0.01477396901,0.01477396901,0.01477396901,0.01477396901,0
2012-12-31,risk_parity|lw_cc|none|none,XLU,0.02239282798,0.02239282798,0.02239282798,0.02239282798,0.02239282798,0.02239282798,0
2012-12-31,risk_parity|lw_cc|none|none,XLV,0.01903947409,0.01903947409,0.01903947409,0.01903947409,0.01903947409,0.01903947409,0
2012-12-31,risk_parity|lw_cc|none|none,SHY,0.5406121276,0.5406121276,0.5406121276,0.5406121276,0.5406121276,0.5406121276,0
2012-12-31,risk_parity|lw_cc|none|none,IEF,0.08783477648,0.08783477648,0.08783477648,0.08783477648,0.08783477648,0.08783477648,0
2012-12-31,risk_parity|lw_cc|none|none,TLT,0.05753223656,0.05753223656,0.05753223656,0.05753223656,0.05753223656,0.05753223656,0
2012-12-31,risk_parity|lw_cc|none|none,TIP,0.06416240031,0.06416240031,0.06416240031,0.06416240031,0.06416240031,0.06416240031,0
2012-12-31,risk_parity|lw_cc|none|none,LQD,0.04947796324,0.04947796324,0.04947796324,0.04947796324,0.04947796324,0.04947796324,0
2012-12-31,risk_parity|lw_cc|none|none,HYG,0.0285379546,0.0285379546,0.0285379546,0.0285379546,0.0285379546,0.0285379546,0
2012-12-31,risk_parity|lw_cc|none|none,GLD,0.02075948899,0.02075948899,0.02075948899,0.02075948899,0.02075948899,0.02075948899,0
2012-12-31,risk_parity|lw_cc|none|none,DBC,0.01639173161,0.01639173161,0.01639173161,0.01639173161,0.01639173161,0.01639173161,0
2012-12-31,risk_parity|lw_cc|none|none,VNQ,0.01099503434,0.01099503434,0.01099503434,0.01099503434,0.01099503434,0.01099503434,0
2012-12-31,hrp|lw_cc|none|none,SPY,0.0002551588547,0.0002551588547,0.0002551588547,0.0002551588547,0.0002551588547,0.0002551588547,0
2012-12-31,hrp|lw_cc|none|none,IWM,0.0001352855769,0.0001352855769,0.0001352855769,0.0001352855769,0.0001352855769,0.0001352855769,0
2012-12-31,hrp|lw_cc|none|none,EFA,0.0002876046523,0.0002876046523,0.0002876046523,0.0002876046523,0.0002876046523,0.0002876046523,0
2012-12-31,hrp|lw_cc|none|none,EEM,0.0002501848929,0.0002501848929,0.0002501848929,0.0002501848929,0.0002501848929,0.0002501848929,0
2012-12-31,hrp|lw_cc|none|none,XLE,0.0002766541177,0.0002766541177,0.0002766541177,0.0002766541177,0.0002766541177,0.0002766541177,0
2012-12-31,hrp|lw_cc|none|none,XLF,0.0002524624904,0.0002524624904,0.0002524624904,0.0002524624904,0.0002524624904,0.0002524624904,0
2012-12-31,hrp|lw_cc|none|none,XLK,0.000453744318,0.000453744318,0.000453744318,0.000453744318,0.000453744318,0.000453744318,0
2012-12-31,hrp|lw_cc|none|none,XLU,0.003122262595,0.003122262595,0.003122262595,0.003122262595,0.003122262595,0.003122262595,0
2012-12-31,hrp|lw_cc|none|none,XLV,0.0007909792586,0.0007909792586,0.0007909792586,0.0007909792586,0.0007909792586,0.0007909792586,0
2012-12-31,hrp|lw_cc|none|none,SHY,0.9270110048,0.9270110048,0.9270110048,0.9270110048,0.9270110048,0.9270110048,0
2012-12-31,hrp|lw_cc|none|none,IEF,0.009818864249,0.009818864249,0.009818864249,0.009818864249,0.009818864249,0.009818864249,0
2012-12-31,hrp|lw_cc|none|none,TLT,0.004397321855,0.004397321855,0.004397321855,0.004397321855,0.004397321855,0.004397321855,0
2012-12-31,hrp|lw_cc|none|none,TIP,0.01505556461,0.01505556461,0.01505556461,0.01505556461,0.01505556461,0.01505556461,0
2012-12-31,hrp|lw_cc|none|none,LQD,0.02399113625,0.02399113625,0.02399113625,0.02399113625,0.02399113625,0.02399113625,0
2012-12-31,hrp|lw_cc|none|none,HYG,0.006545141647,0.006545141647,0.006545141647,0.006545141647,0.006545141647,0.006545141647,0
2012-12-31,hrp|lw_cc|none|none,GLD,0.00413436302,0.00413436302,0.00413436302,0.00413436302,0.00413436302,0.00413436302,0
2012-12-31,hrp|lw_cc|none|none,DBC,0.002892022404,0.002892022404,0.002892022404,0.002892022404,0.002892022404,0.002892022404,0
2012-12-31,hrp|lw_cc|none|none,VNQ,0.0003302443562,0.0003302443562,0.0003302443562,0.0003302443562,0.0003302443562,0.0003302443562,0
2020-02-28,mv_unconstrained|sample|sample|A,SPY,0.3700549476,-33.17581838,-13.32843568,-0.2847528145,14.16816027,31.6008394,27.49659595
2020-02-28,mv_unconstrained|sample|sample|A,IWM,-1.111756576,-6.441829416,-3.453851169,-1.090827044,1.002562714,4.087453805,4.456413882
2020-02-28,mv_unconstrained|sample|sample|A,EFA,-2.317310214,-10.18142821,-5.562207083,-2.260815049,1.026274813,5.286886141,6.588481896
2020-02-28,mv_unconstrained|sample|sample|A,EEM,-1.259933502,-5.087706573,-2.779341467,-1.168188011,0.4924834771,2.917080736,3.271824944
2020-02-28,mv_unconstrained|sample|sample|A,XLE,-3.21626816,-7.582998471,-4.939944913,-3.217455057,-1.380694192,1.114598861,3.559250721
2020-02-28,mv_unconstrained|sample|sample|A,XLF,2.793730301,-4.923573926,-0.3132792832,2.877107,6.142985676,10.41361922,6.456264959
2020-02-28,mv_unconstrained|sample|sample|A,XLK,4.795541509,-6.014706041,0.2510222726,4.95301383,9.696437374,16.1087171,9.445415101
2020-02-28,mv_unconstrained|sample|sample|A,XLU,1.462699224,-2.806309444,-0.1856574436,1.596377209,3.286689395,5.752607136,3.472346838
2020-02-28,mv_unconstrained|sample|sample|A,XLV,0.2703743741,-7.212526408,-2.607509235,0.3643583809,3.366435302,7.888092227,5.973944537
2020-02-28,mv_unconstrained|sample|sample|A,SHY,-17.14039784,-46.94023458,-29.28475435,-17.85163924,-5.442484108,11.23290529,23.84227024
2020-02-28,mv_unconstrained|sample|sample|A,IEF,16.22939252,-25.77283437,-1.417621719,17.26550247,34.42541986,56.07121331,35.84304158
2020-02-28,mv_unconstrained|sample|sample|A,TLT,-0.4674786117,-15.63587731,-6.694139696,-0.9434441264,5.496072862,13.64517048,12.19021256
2020-02-28,mv_unconstrained|sample|sample|A,TIP,-10.56569102,-35.38631826,-18.77751516,-10.17563455,-0.6879960968,13.21887967,18.08951906
2020-02-28,mv_unconstrained|sample|sample|A,LQD,5.997943087,-14.82389862,-1.614449435,6.585535386,14.33763714,27.5098976,15.95208657
2020-02-28,mv_unconstrained|sample|sample|A,HYG,3.968167144,-11.10884537,-2.686774129,3.722052282,10.12211552,20.06781311,12.80888965
2020-02-28,mv_unconstrained|sample|sample|A,GLD,2.140765776,-2.080271812,0.4257342407,2.182667564,3.93443524,6.640465998,3.508700999
2020-02-28,mv_unconstrained|sample|sample|A,DBC,1.266357972,-3.156904337,-0.6237146831,1.12089549,2.896459233,5.671618001,3.520173916
2020-02-28,mv_unconstrained|sample|sample|A,VNQ,-2.21619093,-7.319727628,-4.205117868,-2.310083056,-0.1930606569,2.367797494,4.012057211
2020-02-28,mv_constrained|lw_cc|sample|B,SPY,0.1,-2.166405324e-15,6.838044879e-14,1.121422869e-12,0.1,0.3,0.1
2020-02-28,mv_constrained|lw_cc|sample|B,IWM,5.594622256e-14,-1.598799331e-14,7.228303094e-15,6.946289222e-14,4.979898004e-13,0.1000000001,4.907614973e-13
2020-02-28,mv_constrained|lw_cc|sample|B,EFA,6.232464591e-14,-6.235407119e-15,9.815158472e-15,6.679013343e-14,3.862414007e-13,7.483172608e-12,3.764262422e-13
2020-02-28,mv_constrained|lw_cc|sample|B,EEM,7.344246023e-14,-1.287046565e-14,9.886983152e-15,1.137563236e-13,1.797733733e-12,0.3,1.78784675e-12
2020-02-28,mv_constrained|lw_cc|sample|B,XLE,-4.049963374e-16,-1.480365163e-13,-1.600952809e-14,-1.033308303e-15,5.087141522e-14,4.95172059e-13,6.68809433e-14
2020-02-28,mv_constrained|lw_cc|sample|B,XLF,8.951160608e-14,-1.049869459e-14,1.491778311e-14,1.378462905e-13,2.721461994e-12,0.3,2.70654421e-12
2020-02-28,mv_constrained|lw_cc|sample|B,XLK,0.3,5.399104188e-14,0.3,0.3,0.3,0.3,2.132793941e-12
2020-02-28,mv_constrained|lw_cc|sample|B,XLU,0.3,2.29668782e-15,1.140206936e-13,9.446804235e-12,0.3,0.3,0.3
2020-02-28,mv_constrained|lw_cc|sample|B,XLV,4.191876311e-12,-7.694898385e-16,6.923585913e-14,8.603441047e-13,0.1198043818,0.3,0.1198043818
2020-02-28,mv_constrained|lw_cc|sample|B,SHY,4.869612348e-14,-2.395634528e-15,8.954806138e-15,5.244997337e-14,2.311218168e-13,1.457140348e-12,2.221670106e-13
2020-02-28,mv_constrained|lw_cc|sample|B,IEF,1.795838017e-13,5.842146873e-16,4.044632815e-14,2.367383849e-13,1.81976914e-12,0.3,1.779322812e-12
2020-02-28,mv_constrained|lw_cc|sample|B,TLT,0.3,6.686342273e-15,1.353788901e-12,0.3,0.3,0.3,0.3
2020-02-28,mv_constrained|lw_cc|sample|B,TIP,6.980557237e-14,-9.361242937e-16,1.751307052e-14,8.542829315e-14,3.675406664e-13,2.540481754e-12,3.500275959e-13
2020-02-28,mv_constrained|lw_cc|sample|B,LQD,4.341810876e-13,4.154221687e-15,6.49804535e-14,4.019363e-13,4.33257814e-12,0.3,4.267597686e-12
2020-02-28,mv_constrained|lw_cc|sample|B,HYG,7.22509988e-14,-1.831401338e-15,1.447586388e-14,6.887397046e-14,3.027658575e-13,2.056923086e-12,2.882899936e-13
2020-02-28,mv_constrained|lw_cc|sample|B,GLD,2.593444702e-12,4.378535196e-16,8.454282543e-14,9.428811628e-13,0.2795022641,0.3,0.2795022641
2020-02-28,mv_constrained|lw_cc|sample|B,DBC,3.053410861e-14,-6.037047307e-14,-2.198547081e-15,1.933493718e-14,1.550320939e-13,2.507372987e-12,1.57230641e-13
2020-02-28,mv_constrained|lw_cc|sample|B,VNQ,7.030596583e-14,-9.283936711e-15,1.568829022e-14,1.102767892e-13,1.229165229e-12,0.3,1.213476938e-12
2020-02-28,mv_constrained|lw_cc|bayes_stein|B,SPY,0.01621670623,-1.422360411e-16,1.216295877e-13,1.59511295e-12,0.09999999999,0.3,0.09999999999
2020-02-28,mv_constrained|lw_cc|bayes_stein|B,IWM,5.137373358e-13,-6.014495448e-15,2.567920303e-14,1.627018525e-13,9.802658298e-13,0.1,9.545866267e-13
2020-02-28,mv_constrained|lw_cc|bayes_stein|B,EFA,5.087284975e-13,-1.996288353e-15,3.056913425e-14,1.531556482e-13,8.845835086e-13,1.332898964e-11,8.540143744e-13
2020-02-28,mv_constrained|lw_cc|bayes_stein|B,EEM,4.750802966e-13,-5.488728258e-15,3.488768059e-14,2.39430731e-13,2.202719667e-12,0.3,2.167831987e-12
2020-02-28,mv_constrained|lw_cc|bayes_stein|B,XLE,8.174232173e-14,-1.298512812e-13,-6.452291589e-15,1.814255747e-14,1.535240274e-13,1.437917667e-12,1.59976319e-13
2020-02-28,mv_constrained|lw_cc|bayes_stein|B,XLF,9.257044866e-13,-4.18158085e-15,4.227377827e-14,3.402534362e-13,4.608809277e-12,0.3,4.566535499e-12
2020-02-28,mv_constrained|lw_cc|bayes_stein|B,XLK,0.3,1.657707665e-13,0.2999999999,0.3,0.3,0.3,1.419911966e-10
2020-02-28,mv_constrained|lw_cc|bayes_stein|B,XLU,0.2536027194,8.785332125e-15,2.983812726e-13,4.929271978e-10,0.3,0.3,0.3
2020-02-28,mv_constrained|lw_cc|bayes_stein|B,XLV,7.896466332e-11,2.581499116e-15,1.276808809e-13,1.480976946e-12,0.1000000008,0.3,0.1000000008
2020-02-28,mv_constrained|lw_cc|bayes_stein|B,SHY,4.896332889e-13,1.700411812e-15,3.62722879e-14,1.558544843e-13,6.915204655e-13,4.540109608e-12,6.552481776e-13
2020-02-28,mv_constrained|lw_cc|bayes_stein|B,IEF,2.977562505e-12,9.483615046e-15,1.173091983e-13,6.96155994e-13,7.786525479e-12,0.3,7.669216281e-12
2020-02-28,mv_constrained|lw_cc|bayes_stein|B,TLT,0.3,5.257403148e-14,0.02144815612,0.3,0.3,0.3,0.2785518439
2020-02-28,mv_constrained|lw_cc|bayes_stein|B,TIP,7.002171598e-13,3.699878292e-15,6.008824227e-14,2.233689598e-13,9.774122613e-13,8.154667641e-12,9.17324019e-13
2020-02-28,mv_constrained|lw_cc|bayes_stein|B,LQD,2.381988934e-11,1.513331611e-14,1.888848093e-13,1.246238694e-12,6.751216622e-11,0.3,6.732328141e-11
2020-02-28,mv_constrained|lw_cc|bayes_stein|B,HYG,7.247381776e-13,1.852697902e-15,4.876725035e-14,1.825704422e-13,8.380950685e-13,6.189458041e-12,7.893278181e-13
2020-02-28,mv_constrained|lw_cc|bayes_stein|B,GLD,0.1301805743,9.924645083e-15,2.630335776e-13,6.794983235e-12,0.2999999993,0.3,0.2999999993
2020-02-28,mv_constrained|lw_cc|bayes_stein|B,DBC,3.744794231e-13,-2.359779433e-14,5.950232458e-15,7.755579932e-14,4.55432482e-13,1.161136688e-11,4.494822495e-13
2020-02-28,mv_constrained|lw_cc|bayes_stein|B,VNQ,4.482593245e-13,-4.309224198e-15,3.752459431e-14,2.620248511e-13,2.31898979e-12,0.3,2.281465195e-12
2020-02-28,black_litterman|lw_cc|bl|B,SPY,9.729461877e-13,-1.661942691e-15,1.461864917e-14,8.279790049e-14,6.155349352e-13,0.07264449274,6.009162861e-13
2020-02-28,black_litterman|lw_cc|bl|B,IWM,1.019092612e-12,4.700003312e-16,1.669134225e-14,8.393605598e-14,4.970251384e-13,5.299295029e-12,4.803337962e-13
2020-02-28,black_litterman|lw_cc|bl|B,EFA,9.658278295e-13,-1.294647477e-15,1.314520912e-14,7.579986579e-14,4.457054413e-13,4.278619747e-12,4.325602322e-13
2020-02-28,black_litterman|lw_cc|bl|B,EEM,9.559675314e-13,-3.544857456e-16,1.573966679e-14,8.030804491e-14,4.890135586e-13,1.184074869e-11,4.732738918e-13
2020-02-28,black_litterman|lw_cc|bl|B,XLE,2.754143763e-13,-1.973113192e-14,-3.615694903e-15,1.476871023e-14,1.24270422e-13,9.131449724e-13,1.278861169e-13
2020-02-28,black_litterman|lw_cc|bl|B,XLF,1.011900101e-12,4.105629219e-16,1.643345343e-14,8.320342521e-14,4.847335462e-13,6.179921082e-12,4.683000927e-13
2020-02-28,black_litterman|lw_cc|bl|B,XLK,1.909490968e-12,-4.520444928e-15,1.733285357e-14,1.876679342e-13,0.04999558503,0.3,0.04999558503
2020-02-28,black_litterman|lw_cc|bl|B,XLU,0.3,0.2449412185,0.3,0.3,0.3,0.3,1.963762486e-12
2020-02-28,black_litterman|lw_cc|bl|B,XLV,1.829818168e-12,-3.456618396e-15,1.821360996e-14,1.218822045e-13,1.034584414e-12,0.185389095,1.016370804e-12
2020-02-28,black_litterman|lw_cc|bl|B,SHY,3.769839355e-12,1.796351661e-14,7.700138374e-14,2.576861553e-13,1.146972436e-12,3.988634072e-12,1.069971053e-12
2020-02-28,black_litterman|lw_cc|bl|B,IEF,0.0818560977,1.026351981e-13,1.739973679e-12,0.09999999999,0.1196970802,0.2999999732,0.1196970802
2020-02-28,black_litterman|lw_cc|bl|B,TLT,0.3,1.227661941e-12,0.3,0.3,0.3,0.3,2.024436174e-12
2020-02-28,black_litterman|lw_cc|bl|B,TIP,8.639442177e-12,3.074284712e-14,1.459401643e-13,4.385022395e-13,1.98925003e-12,7.283791284e-12,1.843309865e-12
2020-02-28,black_litterman|lw_cc|bl|B,LQD,4.306673793e-11,4.161485471e-14,3.23804819e-13,9.569377373e-13,4.150403318e-12,2.179058642e-11,3.826598499e-12
2020-02-28,black_litterman|lw_cc|bl|B,HYG,1.494178102e-12,-4.006513488e-16,2.016343628e-14,9.522443559e-14,4.412754103e-13,2.408378787e-12,4.21111974e-13
2020-02-28,black_litterman|lw_cc|bl|B,GLD,0.2999999999,4.891564115e-13,0.09547853964,0.2249079055,0.2999999998,0.3,0.2045214602
2020-02-28,black_litterman|lw_cc|bl|B,DBC,6.464722745e-13,-5.512389265e-15,6.554887514e-15,4.320054256e-14,2.342088998e-13,1.027365194e-12,2.276540123e-13
2020-02-28,black_litterman|lw_cc|bl|B,VNQ,0.01814390229,2.422816802e-14,4.584244731e-13,1.249774709e-11,0.1450651103,0.28990025,0.1450651103
2020-02-28,min_variance|lw_cc|none|B,SPY,4.832342013e-12,4.832342013e-12,4.832342013e-12,4.832342013e-12,4.832342013e-12,4.832342013e-12,0
2020-02-28,min_variance|lw_cc|none|B,IWM,5.624123789e-12,5.624123789e-12,5.624123789e-12,5.624123789e-12,5.624123789e-12,5.624123789e-12,0
2020-02-28,min_variance|lw_cc|none|B,EFA,8.498287571e-12,8.498287571e-12,8.498287571e-12,8.498287571e-12,8.498287571e-12,8.498287571e-12,0
2020-02-28,min_variance|lw_cc|none|B,EEM,3.273430254e-12,3.273430254e-12,3.273430254e-12,3.273430254e-12,3.273430254e-12,3.273430254e-12,0
2020-02-28,min_variance|lw_cc|none|B,XLE,5.700531479e-12,5.700531479e-12,5.700531479e-12,5.700531479e-12,5.700531479e-12,5.700531479e-12,0
2020-02-28,min_variance|lw_cc|none|B,XLF,0.03684021669,0.03684021669,0.03684021669,0.03684021669,0.03684021669,0.03684021669,0
2020-02-28,min_variance|lw_cc|none|B,XLK,2.686014181e-12,2.686014181e-12,2.686014181e-12,2.686014181e-12,2.686014181e-12,2.686014181e-12,0
2020-02-28,min_variance|lw_cc|none|B,XLU,5.329221915e-12,5.329221915e-12,5.329221915e-12,5.329221915e-12,5.329221915e-12,5.329221915e-12,0
2020-02-28,min_variance|lw_cc|none|B,XLV,6.264836902e-12,6.264836902e-12,6.264836902e-12,6.264836902e-12,6.264836902e-12,6.264836902e-12,0
2020-02-28,min_variance|lw_cc|none|B,SHY,0.3,0.3,0.3,0.3,0.3,0.3,0
2020-02-28,min_variance|lw_cc|none|B,IEF,0.1370921399,0.1370921399,0.1370921399,0.1370921399,0.1370921399,0.1370921399,0
2020-02-28,min_variance|lw_cc|none|B,TLT,2.332332777e-12,2.332332777e-12,2.332332777e-12,2.332332777e-12,2.332332777e-12,2.332332777e-12,0
2020-02-28,min_variance|lw_cc|none|B,TIP,0.2999999916,0.2999999916,0.2999999916,0.2999999916,0.2999999916,0.2999999916,0
2020-02-28,min_variance|lw_cc|none|B,LQD,1.214519072e-11,1.214519072e-11,1.214519072e-11,1.214519072e-11,1.214519072e-11,1.214519072e-11,0
2020-02-28,min_variance|lw_cc|none|B,HYG,0.2260676516,0.2260676516,0.2260676516,0.2260676516,0.2260676516,0.2260676516,0
2020-02-28,min_variance|lw_cc|none|B,GLD,6.46456925e-12,6.46456925e-12,6.46456925e-12,6.46456925e-12,6.46456925e-12,6.46456925e-12,0
2020-02-28,min_variance|lw_cc|none|B,DBC,9.60090994e-11,9.60090994e-11,9.60090994e-11,9.60090994e-11,9.60090994e-11,9.60090994e-11,0
2020-02-28,min_variance|lw_cc|none|B,VNQ,2.654129611e-12,2.654129611e-12,2.654129611e-12,2.654129611e-12,2.654129611e-12,2.654129611e-12,0
2020-02-28,risk_parity|lw_cc|none|none,SPY,0.01612734072,0.01612734072,0.01612734072,0.01612734072,0.01612734072,0.01612734072,0
2020-02-28,risk_parity|lw_cc|none|none,IWM,0.01607941523,0.01607941523,0.01607941523,0.01607941523,0.01607941523,0.01607941523,0
2020-02-28,risk_parity|lw_cc|none|none,EFA,0.01914737637,0.01914737637,0.01914737637,0.01914737637,0.01914737637,0.01914737637,0
2020-02-28,risk_parity|lw_cc|none|none,EEM,0.01406394446,0.01406394446,0.01406394446,0.01406394446,0.01406394446,0.01406394446,0
2020-02-28,risk_parity|lw_cc|none|none,XLE,0.01403792017,0.01403792017,0.01403792017,0.01403792017,0.01403792017,0.01403792017,0
2020-02-28,risk_parity|lw_cc|none|none,XLF,0.02150485433,0.02150485433,0.02150485433,0.02150485433,0.02150485433,0.02150485433,0
2020-02-28,risk_parity|lw_cc|none|none,XLK,0.01260587756,0.01260587756,0.01260587756,0.01260587756,0.01260587756,0.01260587756,0
2020-02-28,risk_parity|lw_cc|none|none,XLU,0.02316599102,0.02316599102,0.02316599102,0.02316599102,0.02316599102,0.02316599102,0
2020-02-28,risk_parity|lw_cc|none|none,XLV,0.01660343632,0.01660343632,0.01660343632,0.01660343632,0.01660343632,0.01660343632,0
2020-02-28,risk_parity|lw_cc|none|none,SHY,0.4769014145,0.4769014145,0.4769014145,0.4769014145,0.4769014145,0.4769014145,0
2020-02-28,risk_parity|lw_cc|none|none,IEF,0.08714507983,0.08714507983,0.08714507983,0.08714507983,0.08714507983,0.08714507983,0
2020-02-28,risk_parity|lw_cc|none|none,TLT,0.03644164134,0.03644164134,0.03644164134,0.03644164134,0.03644164134,0.03644164134,0
2020-02-28,risk_parity|lw_cc|none|none,TIP,0.07784109884,0.07784109884,0.07784109884,0.07784109884,0.07784109884,0.07784109884,0
2020-02-28,risk_parity|lw_cc|none|none,LQD,0.04930522575,0.04930522575,0.04930522575,0.04930522575,0.04930522575,0.04930522575,0
2020-02-28,risk_parity|lw_cc|none|none,HYG,0.04565571593,0.04565571593,0.04565571593,0.04565571593,0.04565571593,0.04565571593,0
2020-02-28,risk_parity|lw_cc|none|none,GLD,0.03204013232,0.03204013232,0.03204013232,0.03204013232,0.03204013232,0.03204013232,0
2020-02-28,risk_parity|lw_cc|none|none,DBC,0.02476085849,0.02476085849,0.02476085849,0.02476085849,0.02476085849,0.02476085849,0
2020-02-28,risk_parity|lw_cc|none|none,VNQ,0.01657267683,0.01657267683,0.01657267683,0.01657267683,0.01657267683,0.01657267683,0
2020-02-28,hrp|lw_cc|none|none,SPY,0.0008383696425,0.0008383696425,0.0008383696425,0.0008383696425,0.0008383696425,0.0008383696425,0
2020-02-28,hrp|lw_cc|none|none,IWM,0.0006087001486,0.0006087001486,0.0006087001486,0.0006087001486,0.0006087001486,0.0006087001486,0
2020-02-28,hrp|lw_cc|none|none,EFA,0.002157307287,0.002157307287,0.002157307287,0.002157307287,0.002157307287,0.002157307287,0
2020-02-28,hrp|lw_cc|none|none,EEM,0.001748141275,0.001748141275,0.001748141275,0.001748141275,0.001748141275,0.001748141275,0
2020-02-28,hrp|lw_cc|none|none,XLE,0.001131020321,0.001131020321,0.001131020321,0.001131020321,0.001131020321,0.001131020321,0
2020-02-28,hrp|lw_cc|none|none,XLF,0.00109821106,0.00109821106,0.00109821106,0.00109821106,0.00109821106,0.00109821106,0
2020-02-28,hrp|lw_cc|none|none,XLK,0.003136624768,0.003136624768,0.003136624768,0.003136624768,0.003136624768,0.003136624768,0
2020-02-28,hrp|lw_cc|none|none,XLU,0.006994721579,0.006994721579,0.006994721579,0.006994721579,0.006994721579,0.006994721579,0
2020-02-28,hrp|lw_cc|none|none,XLV,0.001415141221,0.001415141221,0.001415141221,0.001415141221,0.001415141221,0.001415141221,0
2020-02-28,hrp|lw_cc|none|none,SHY,0.8305712242,0.8305712242,0.8305712242,0.8305712242,0.8305712242,0.8305712242,0
2020-02-28,hrp|lw_cc|none|none,IEF,0.01536116495,0.01536116495,0.01536116495,0.01536116495,0.01536116495,0.01536116495,0
2020-02-28,hrp|lw_cc|none|none,TLT,0.002958659332,0.002958659332,0.002958659332,0.002958659332,0.002958659332,0.002958659332,0
2020-02-28,hrp|lw_cc|none|none,TIP,0.04353127004,0.04353127004,0.04353127004,0.04353127004,0.04353127004,0.04353127004,0
2020-02-28,hrp|lw_cc|none|none,LQD,0.04476566807,0.04476566807,0.04476566807,0.04476566807,0.04476566807,0.04476566807,0
2020-02-28,hrp|lw_cc|none|none,HYG,0.02397155757,0.02397155757,0.02397155757,0.02397155757,0.02397155757,0.02397155757,0
2020-02-28,hrp|lw_cc|none|none,GLD,0.01075001196,0.01075001196,0.01075001196,0.01075001196,0.01075001196,0.01075001196,0
2020-02-28,hrp|lw_cc|none|none,DBC,0.00226666312,0.00226666312,0.00226666312,0.00226666312,0.00226666312,0.00226666312,0
2020-02-28,hrp|lw_cc|none|none,VNQ,0.006695543485,0.006695543485,0.006695543485,0.006695543485,0.006695543485,0.006695543485,0
2026-07-31,mv_unconstrained|sample|sample|A,SPY,-1.622633812,-20.75891792,-9.742317255,-1.604193225,6.530818912,18.17223624,16.27313617
2026-07-31,mv_unconstrained|sample|sample|A,IWM,-2.541140505,-6.60955556,-4.158523363,-2.401811182,-0.7433380313,1.75223716,3.415185332
2026-07-31,mv_unconstrained|sample|sample|A,EFA,-1.241671076,-7.486733192,-4.054288679,-1.215487288,1.282292271,4.720241168,5.336580951
2026-07-31,mv_unconstrained|sample|sample|A,EEM,-0.06430199372,-4.121478139,-1.785567876,-0.10456293,1.596116634,4.306744501,3.381684511
2026-07-31,mv_unconstrained|sample|sample|A,XLE,0.7556753699,-2.228432398,-0.4131163274,0.7779334309,1.934114995,3.821366085,2.347231322
2026-07-31,mv_unconstrained|sample|sample|A,XLF,3.036126258,-3.005928949,0.6843761345,3.093966403,5.490891504,8.944999235,4.806515369
2026-07-31,mv_unconstrained|sample|sample|A,XLK,2.138436291,-6.598915717,-1.603351144,2.055477764,5.5801082,10.9172316,7.183459344
2026-07-31,mv_unconstrained|sample|sample|A,XLU,0.9118974244,-2.289577039,-0.392565432,0.9444993907,2.156176521,4.023813151,2.548741953
2026-07-31,mv_unconstrained|sample|sample|A,XLV,0.01265815052,-3.894620724,-1.586410676,0.153816803,1.683728764,4.068641945,3.27013944
2026-07-31,mv_unconstrained|sample|sample|A,SHY,-12.70817417,-35.08065425,-22.09470553,-12.76408794,-2.660532642,11.86186868,19.43417288
2026-07-31,mv_unconstrained|sample|sample|A,IEF,11.76297676,-26.1135077,-3.40344666,11.64757228,27.65584284,48.448984,31.0592895
2026-07-31,mv_unconstrained|sample|sample|A,TLT,-6.837112401,-20.80403939,-12.25971904,-6.894132844,-0.8421983623,7.757766918,11.41752068
2026-07-31,mv_unconstrained|sample|sample|A,TIP,-3.583408243,-26.72683815,-13.46849166,-4.277687118,5.602400373,20.75463507,19.07089203
2026-07-31,mv_unconstrained|sample|sample|A,LQD,3.006325825,-29.01143889,-9.419257677,2.540579986,15.37814162,31.69823368,24.7973993
2026-07-31,mv_unconstrained|sample|sample|A,HYG,6.464336921,-18.34713693,-4.442597879,6.313995382,16.08886092,31.01202079,20.5314588
2026-07-31,mv_unconstrained|sample|sample|A,GLD,2.224178437,-0.2424053402,1.182961976,2.192780973,3.24773401,4.600548789,2.064772033
2026-07-31,mv_unconstrained|sample|sample|A,DBC,-0.6273171068,-4.685774772,-2.427507507,-0.7103616504,0.9829338018,3.330192951,3.410441309
2026-07-31,mv_unconstrained|sample|sample|A,VNQ,-0.08685212584,-4.578058428,-1.841005739,-0.2378695779,1.61783063,3.853786612,3.458836369
2026-07-31,mv_constrained|lw_cc|sample|B,SPY,0.1,1.802229345e-14,1.934247767e-13,1.541665501e-12,0.1,0.3,0.1
2026-07-31,mv_constrained|lw_cc|sample|B,IWM,8.960078599e-14,-1.621523211e-15,4.847626205e-14,3.721864016e-13,4.706966126e-09,0.3,4.70691765e-09
2026-07-31,mv_constrained|lw_cc|sample|B,EFA,1.92333094e-13,6.335409642e-15,7.508694591e-14,4.031613298e-13,4.18639613e-12,0.3,4.111309184e-12
2026-07-31,mv_constrained|lw_cc|sample|B,EEM,8.810184271e-13,3.26239092e-15,9.024487039e-14,9.426911124e-13,0.1345348307,0.3,0.1345348307
2026-07-31,mv_constrained|lw_cc|sample|B,XLE,2.861561744e-12,-2.278881304e-15,6.659288532e-14,1.083393662e-12,0.243279814,0.3,0.243279814
2026-07-31,mv_constrained|lw_cc|sample|B,XLF,0.3,1.549348889e-14,3.189018748e-13,2.92252529e-10,0.3,0.3,0.3
2026-07-31,mv_constrained|lw_cc|sample|B,XLK,0.3,1.59316333e-14,3.006219941e-12,0.3,0.3,0.3,0.3
2026-07-31,mv_constrained|lw_cc|sample|B,XLU,2.14097911e-13,7.063774829e-16,5.912476694e-14,4.134800099e-13,0.09999999999,0.3,0.09999999999
2026-07-31,mv_constrained|lw_cc|sample|B,XLV,2.719015864e-14,-2.945387573e-15,2.598706769e-14,1.393806293e-13,7.832558256e-13,0.2999999885,7.57268758e-13
2026-07-31,mv_constrained|lw_cc|sample|B,SHY,1.969748029e-14,-2.468014848e-15,1.442199641e-14,7.639369108e-14,2.920501296e-13,1.572814639e-12,2.776281332e-13
2026-07-31,mv_constrained|lw_cc|sample|B,IEF,1.515269249e-14,-3.512999823e-15,1.22102861e-14,6.979642265e-14,2.629743044e-13,1.36902595e-12,2.507640183e-13
2026-07-31,mv_constrained|lw_cc|sample|B,TLT,-5.121202006e-15,-9.530485135e-14,-2.053479471e-15,2.207951329e-14,1.507197764e-13,1.012381158e-12,1.527732559e-13
2026-07-31,mv_constrained|lw_cc|sample|B,TIP,1.716015592e-14,-2.518785981e-15,1.408759052e-14,7.289073329e-14,2.726447223e-13,1.252924634e-12,2.585571318e-13
2026-07-31,mv_constrained|lw_cc|sample|B,LQD,1.812002542e-14,-2.124093532e-15,1.48627864e-14,7.224385095e-14,2.884488702e-13,1.332756368e-12,2.735860838e-13
2026-07-31,mv_constrained|lw_cc|sample|B,HYG,2.619650722e-14,-1.260376894e-15,1.901412077e-14,9.409256098e-14,3.556760184e-13,1.835699174e-12,3.366618976e-13
2026-07-31,mv_constrained|lw_cc|sample|B,GLD,0.3,2.133119501e-14,6.865116595e-11,0.3,0.3,0.3,0.2999999999
2026-07-31,mv_constrained|lw_cc|sample|B,DBC,9.567577198e-14,-5.818073083e-15,3.123789576e-14,3.077401426e-13,0.02634899003,0.3,0.02634899003
2026-07-31,mv_constrained|lw_cc|sample|B,VNQ,3.142742881e-14,-3.64865876e-15,2.33619595e-14,1.338354209e-13,8.724179715e-13,0.2341232789,8.49056012e-13
2026-07-31,mv_constrained|lw_cc|bayes_stein|B,SPY,1.661294436e-11,4.496975162e-14,4.013093215e-13,3.750618378e-12,0.09999999999,0.3,0.09999999999
2026-07-31,mv_constrained|lw_cc|bayes_stein|B,IWM,5.059476818e-13,3.291360915e-15,9.57503558e-14,6.338162403e-13,1.310372259e-11,0.3,1.300797223e-11
2026-07-31,mv_constrained|lw_cc|bayes_stein|B,EFA,2.632501362e-12,2.337002586e-14,1.541350468e-13,9.622343411e-13,8.809484006e-12,0.3,8.655348959e-12
2026-07-31,mv_constrained|lw_cc|bayes_stein|B,EEM,2.792217767e-12,1.263065016e-14,1.874771773e-13,1.776183886e-12,0.1,0.3,0.1
2026-07-31,mv_constrained|lw_cc|bayes_stein|B,XLE,0.05817516236,9.527378563e-15,2.081977248e-13,4.317238035e-12,0.1932127938,0.3,0.1932127938
2026-07-31,mv_constrained|lw_cc|bayes_stein|B,XLF,0.3,3.867302449e-14,8.519562179e-13,0.06577474146,0.3,0.3,0.3
2026-07-31,mv_constrained|lw_cc|bayes_stein|B,XLK,0.2372035564,5.004045394e-14,3.715633563e-12,0.1994880046,0.3,0.3,0.3
2026-07-31,mv_constrained|lw_cc|bayes_stein|B,XLU,0.08342368085,1.755870921e-14,1.785542711e-13,1.780677995e-12,0.1289256962,0.3,0.1289256962
2026-07-31,mv_constrained|lw_cc|bayes_stein|B,XLV,1.74245905e-12,3.782747866e-15,8.952248215e-14,4.792807674e-13,3.930811456e-12,0.3,3.841288974e-12
2026-07-31,mv_constrained|lw_cc|bayes_stein|B,SHY,4.055381781e-12,4.237690022e-15,6.151883018e-14,2.871048458e-13,1.232060788e-12,0.01605584385,1.170541957e-12
2026-07-31,mv_constrained|lw_cc|bayes_stein|B,IEF,1.35662538e-12,6.020002094e-15,6.093739303e-14,2.570863283e-13,9.978094455e-13,8.570753404e-12,9.368720525e-13
2026-07-31,mv_constrained|lw_cc|bayes_stein|B,TLT,2.400206119e-13,-3.207155592e-14,1.85499893e-14,9.910146657e-14,5.362310426e-13,4.253425691e-12,5.176810533e-13
2026-07-31,mv_constrained|lw_cc|bayes_stein|B,TIP,1.569942934e-12,5.328008505e-15,5.811351348e-14,2.443628607e-13,1.027957433e-12,6.461676717e-12,9.698439192e-13
2026-07-31,mv_constrained|lw_cc|bayes_stein|B,LQD,1.188580592e-12,8.215825255e-15,5.940611532e-14,2.312033692e-13,1.030102392e-12,6.461931779e-12,9.706962769e-13
2026-07-31,mv_constrained|lw_cc|bayes_stein|B,HYG,5.166738459e-12,6.593633921e-15,7.579714663e-14,3.234500744e-13,1.396772791e-12,3.116165547e-11,1.320975645e-12
2026-07-31,mv_constrained|lw_cc|bayes_stein|B,GLD,0.3,1.000679666e-13,0.07397272462,0.3,0.3,0.3,0.2260272754
2026-07-31,mv_constrained|lw_cc|bayes_stein|B,DBC,0.02119760035,5.648788376e-15,1.112037389e-13,1.247062429e-12,0.09843191751,0.3,0.09843191751
2026-07-31,mv_constrained|lw_cc|bayes_stein|B,VNQ,8.212694734e-13,3.965829162e-15,6.72408575e-14,3.64404159e-13,2.273085526e-12,0.2192221865,2.205844669e-12
2026-07-31,black_litterman|lw_cc|bl|B,SPY,0.08297803152,1.141033555e-12,1.302940735e-10,0.09533385424,0.1,0.1,0.09999999987
2026-07-31,black_litterman|lw_cc|bl|B,IWM,0.3,0.01104582054,0.3,0.3,0.3,0.3,2.512601238e-12
2026-07-31,black_litterman|lw_cc|bl|B,EFA,1.848758087e-11,7.50019638e-13,1.553186644e-12,4.444963494e-12,3.316303652e-11,0.05568243951,3.160984988e-11
2026-07-31,black_litterman|lw_cc|bl|B,EEM,0.3,0.119786873,0.3,0.3,0.3,0.3,8.715972388e-12
2026-07-31,black_litterman|lw_cc|bl|B,XLE,0.01702196846,2.557657254e-13,1.817554148e-12,9.194728704e-09,0.09999999923,0.2104020254,0.09999999923
2026-07-31,black_litterman|lw_cc|bl|B,XLF,1.26857525e-12,5.931792931e-14,1.302497289e-13,3.453642535e-13,1.545202861e-12,1.150714962e-11,1.414953132e-12
2026-07-31,black_litterman|lw_cc|bl|B,XLK,0.3,0.2094691487,0.3,0.3,0.3,0.3,1.81160642e-12
2026-07-31,black_litterman|lw_cc|bl|B,XLU,3.424484569e-13,1.788123618e-15,1.691595146e-14,8.841300674e-14,7.270020315e-13,5.527826828e-11,7.1008608e-13
2026-07-31,black_litterman|lw_cc|bl|B,XLV,5.165096771e-13,3.777472197e-15,2.859871896e-14,1.444160366e-13,1.350039408e-12,0.08657718562,1.321440689e-12
2026-07-31,black_litterman|lw_cc|bl|B,SHY,2.311077232e-13,-4.311873257e-15,6.402068293e-15,5.531626608e-14,4.501545917e-13,7.382020361e-11,4.437525234e-13
2026-07-31,black_litterman|lw_cc|bl|B,IEF,1.981845004e-13,-8.270286063e-15,7.362077212e-16,4.492002695e-14,4.012160723e-13,1.161537144e-10,4.004798645e-13
2026-07-31,black_litterman|lw_cc|bl|B,TLT,1.596230726e-13,-1.362875292e-14,-6.298067884e-15,3.34237113e-14,3.387858147e-13,0.03740063359,3.450838826e-13
2026-07-31,black_litterman|lw_cc|bl|B,TIP,2.237535641e-13,-5.130404272e-15,5.000385114e-15,5.331146618e-14,4.357685133e-13,2.4531512e-11,4.307681282e-13
2026-07-31,black_litterman|lw_cc|bl|B,LQD,2.368669737e-13,-3.089729881e-15,7.775795621e-15,5.542827177e-14,4.542801175e-13,1.03979019e-11,4.465043218e-13
2026-07-31,black_litterman|lw_cc|bl|B,HYG,2.867210452e-13,1.385686421e-15,1.437931361e-14,7.034715976e-14,5.259486031e-13,1.111452211e-11,5.115692895e-13
2026-07-31,black_litterman|lw_cc|bl|B,GLD,4.001337649e-13,6.453079535e-16,1.89653497e-14,1.056297555e-13,8.51957654e-13,0.005704180847,8.329923043e-13
2026-07-31,black_litterman|lw_cc|bl|B,DBC,4.341014259e-13,2.383671458e-15,2.205512855e-14,1.093471648e-13,8.359971946e-13,0.00903564781,8.13942066e-13
2026-07-31,black_litterman|lw_cc|bl|B,VNQ,4.962607401e-13,4.726752543e-15,2.867395488e-14,1.325095934e-13,9.968845831e-13,5.800150598e-11,9.682106283e-13
2026-07-31,min_variance|lw_cc|none|B,SPY,1.860249872e-11,1.860249872e-11,1.860249872e-11,1.860249872e-11,1.860249872e-11,1.860249872e-11,0
2026-07-31,min_variance|lw_cc|none|B,IWM,6.073076472e-12,6.073076472e-12,6.073076472e-12,6.073076472e-12,6.073076472e-12,6.073076472e-12,0
2026-07-31,min_variance|lw_cc|none|B,EFA,1.169992407e-11,1.169992407e-11,1.169992407e-11,1.169992407e-11,1.169992407e-11,1.169992407e-11,0
2026-07-31,min_variance|lw_cc|none|B,EEM,9.873413489e-12,9.873413489e-12,9.873413489e-12,9.873413489e-12,9.873413489e-12,9.873413489e-12,0
2026-07-31,min_variance|lw_cc|none|B,XLE,3.037096504e-11,3.037096504e-11,3.037096504e-11,3.037096504e-11,3.037096504e-11,3.037096504e-11,0
2026-07-31,min_variance|lw_cc|none|B,XLF,1.234733999e-10,1.234733999e-10,1.234733999e-10,1.234733999e-10,1.234733999e-10,1.234733999e-10,0
2026-07-31,min_variance|lw_cc|none|B,XLK,9.326271369e-12,9.326271369e-12,9.326271369e-12,9.326271369e-12,9.326271369e-12,9.326271369e-12,0
2026-07-31,min_variance|lw_cc|none|B,XLU,2.311530757e-11,2.311530757e-11,2.311530757e-11,2.311530757e-11,2.311530757e-11,2.311530757e-11,0
2026-07-31,min_variance|lw_cc|none|B,XLV,0.002250345765,0.002250345765,0.002250345765,0.002250345765,0.002250345765,0.002250345765,0
2026-07-31,min_variance|lw_cc|none|B,SHY,0.3,0.3,0.3,0.3,0.3,0.3,0
2026-07-31,min_variance|lw_cc|none|B,IEF,0.04234212684,0.04234212684,0.04234212684,0.04234212684,0.04234212684,0.04234212684,0
2026-07-31,min_variance|lw_cc|none|B,TLT,4.92344257e-12,4.92344257e-12,4.92344257e-12,4.92344257e-12,4.92344257e-12,4.92344257e-12,0
2026-07-31,min_variance|lw_cc|none|B,TIP,0.3,0.3,0.3,0.3,0.3,0.3,0
2026-07-31,min_variance|lw_cc|none|B,LQD,2.419810985e-11,2.419810985e-11,2.419810985e-11,2.419810985e-11,2.419810985e-11,2.419810985e-11,0
2026-07-31,min_variance|lw_cc|none|B,HYG,0.3,0.3,0.3,0.3,0.3,0.3,0
2026-07-31,min_variance|lw_cc|none|B,GLD,1.251556442e-11,1.251556442e-11,1.251556442e-11,1.251556442e-11,1.251556442e-11,1.251556442e-11,0
2026-07-31,min_variance|lw_cc|none|B,DBC,0.05540752722,0.05540752722,0.05540752722,0.05540752722,0.05540752722,0.05540752722,0
2026-07-31,min_variance|lw_cc|none|B,VNQ,6.691483281e-12,6.691483281e-12,6.691483281e-12,6.691483281e-12,6.691483281e-12,6.691483281e-12,0
2026-07-31,risk_parity|lw_cc|none|none,SPY,0.02526428698,0.02526428698,0.02526428698,0.02526428698,0.02526428698,0.02526428698,0
2026-07-31,risk_parity|lw_cc|none|none,IWM,0.01797208374,0.01797208374,0.01797208374,0.01797208374,0.01797208374,0.01797208374,0
2026-07-31,risk_parity|lw_cc|none|none,EFA,0.02417423903,0.02417423903,0.02417423903,0.02417423903,0.02417423903,0.02417423903,0
2026-07-31,risk_parity|lw_cc|none|none,EEM,0.02220825324,0.02220825324,0.02220825324,0.02220825324,0.02220825324,0.02220825324,0
2026-07-31,risk_parity|lw_cc|none|none,XLE,0.02853466427,0.02853466427,0.02853466427,0.02853466427,0.02853466427,0.02853466427,0
2026-07-31,risk_parity|lw_cc|none|none,XLF,0.02897931552,0.02897931552,0.02897931552,0.02897931552,0.02897931552,0.02897931552,0
2026-07-31,risk_parity|lw_cc|none|none,XLK,0.01972409304,0.01972409304,0.01972409304,0.01972409304,0.01972409304,0.01972409304,0
2026-07-31,risk_parity|lw_cc|none|none,XLU,0.03007336362,0.03007336362,0.03007336362,0.03007336362,0.03007336362,0.03007336362,0
2026-07-31,risk_parity|lw_cc|none|none,XLV,0.03582037974,0.03582037974,0.03582037974,0.03582037974,0.03582037974,0.03582037974,0
2026-07-31,risk_parity|lw_cc|none|none,SHY,0.3380892104,0.3380892104,0.3380892104,0.3380892104,0.3380892104,0.3380892104,0
2026-07-31,risk_parity|lw_cc|none|none,IEF,0.07563000349,0.07563000349,0.07563000349,0.07563000349,0.07563000349,0.07563000349,0
2026-07-31,risk_parity|lw_cc|none|none,TLT,0.03554730633,0.03554730633,0.03554730633,0.03554730633,0.03554730633,0.03554730633,0
2026-07-31,risk_parity|lw_cc|none|none,TIP,0.0925371434,0.0925371434,0.0925371434,0.0925371434,0.0925371434,0.0925371434,0
2026-07-31,risk_parity|lw_cc|none|none,LQD,0.05348528579,0.05348528579,0.05348528579,0.05348528579,0.05348528579,0.05348528579,0
2026-07-31,risk_parity|lw_cc|none|none,HYG,0.06501092564,0.06501092564,0.06501092564,0.06501092564,0.06501092564,0.06501092564,0
2026-07-31,risk_parity|lw_cc|none|none,GLD,0.02918312815,0.02918312815,0.02918312815,0.02918312815,0.02918312815,0.02918312815,0
2026-07-31,risk_parity|lw_cc|none|none,DBC,0.05472348064,0.05472348064,0.05472348064,0.05472348064,0.05472348064,0.05472348064,0
2026-07-31,risk_parity|lw_cc|none|none,VNQ,0.02304283699,0.02304283699,0.02304283699,0.02304283699,0.02304283699,0.02304283699,0
2026-07-31,hrp|lw_cc|none|none,SPY,0.003381072231,0.003381072231,0.003381072231,0.003381072231,0.003381072231,0.003381072231,0
2026-07-31,hrp|lw_cc|none|none,IWM,0.001782498039,0.001782498039,0.001782498039,0.001782498039,0.001782498039,0.001782498039,0
2026-07-31,hrp|lw_cc|none|none,EFA,0.002225415289,0.002225415289,0.002225415289,0.002225415289,0.002225415289,0.002225415289,0
2026-07-31,hrp|lw_cc|none|none,EEM,0.001353863957,0.001353863957,0.001353863957,0.001353863957,0.001353863957,0.001353863957,0
2026-07-31,hrp|lw_cc|none|none,XLE,0.003694916193,0.003694916193,0.003694916193,0.003694916193,0.003694916193,0.003694916193,0
2026-07-31,hrp|lw_cc|none|none,XLF,0.01147542224,0.01147542224,0.01147542224,0.01147542224,0.01147542224,0.01147542224,0
2026-07-31,hrp|lw_cc|none|none,XLK,0.001467176256,0.001467176256,0.001467176256,0.001467176256,0.001467176256,0.001467176256,0
2026-07-31,hrp|lw_cc|none|none,XLU,0.007067763511,0.007067763511,0.007067763511,0.007067763511,0.007067763511,0.007067763511,0
2026-07-31,hrp|lw_cc|none|none,XLV,0.01184524787,0.01184524787,0.01184524787,0.01184524787,0.01184524787,0.01184524787,0
2026-07-31,hrp|lw_cc|none|none,SHY,0.7649665402,0.7649665402,0.7649665402,0.7649665402,0.7649665402,0.7649665402,0
2026-07-31,hrp|lw_cc|none|none,IEF,0.01815778843,0.01815778843,0.01815778843,0.01815778843,0.01815778843,0.01815778843,0
2026-07-31,hrp|lw_cc|none|none,TLT,0.005549916258,0.005549916258,0.005549916258,0.005549916258,0.005549916258,0.005549916258,0
2026-07-31,hrp|lw_cc|none|none,TIP,0.09393485593,0.09393485593,0.09393485593,0.09393485593,0.09393485593,0.09393485593,0
2026-07-31,hrp|lw_cc|none|none,LQD,0.01445538667,0.01445538667,0.01445538667,0.01445538667,0.01445538667,0.01445538667,0
2026-07-31,hrp|lw_cc|none|none,HYG,0.0400308663,0.0400308663,0.0400308663,0.0400308663,0.0400308663,0.0400308663,0
2026-07-31,hrp|lw_cc|none|none,GLD,0.005751029107,0.005751029107,0.005751029107,0.005751029107,0.005751029107,0.005751029107,0
2026-07-31,hrp|lw_cc|none|none,DBC,0.006184243081,0.006184243081,0.006184243081,0.006184243081,0.006184243081,0.006184243081,0
2026-07-31,hrp|lw_cc|none|none,VNQ,0.006675998463,0.006675998463,0.006675998463,0.006675998463,0.006675998463,0.006675998463,0
