strategy_id,ruined,sharpe,sharpe_p05,sharpe_p95,diff_vs_equal_weight|none|none|none,diff_p05_vs_equal_weight|none|none|none,diff_p95_vs_equal_weight|none|none|none,frac_le_0_vs_equal_weight|none|none|none,diff_vs_min_variance|lw_cc|none|B,diff_p05_vs_min_variance|lw_cc|none|B,diff_p95_vs_min_variance|lw_cc|none|B,frac_le_0_vs_min_variance|lw_cc|none|B
mv_unconstrained|sample|sample|A,True,,,,,,,,,,,
mv_unconstrained|lw_cc|sample|A,False,0.6281555357,0.1987714102,1.071190202,-0.07694485548,-0.670889046,0.4434899779,0.6113,0.1755234728,-0.4300539743,0.6752632885,0.3305
mv_unconstrained|ewma|sample|A,True,,,,,,,,,,,
mv_unconstrained|pca3|sample|A,True,,,,,,,,,,,
mv_constrained|sample|sample|C,False,0.6728553102,0.3606514398,1.02765654,-0.03224508103,-0.3104450259,0.2156519886,0.6002,0.2202232472,-0.2208026077,0.5913155462,0.2014
mv_constrained|lw_cc|sample|C,False,0.673838201,0.3632730411,1.026701074,-0.03126219024,-0.3090087135,0.2159492904,0.5965,0.221206138,-0.222360015,0.5941340504,0.2018
mv_constrained|ewma|sample|C,False,0.655955458,0.3399518456,1.008692529,-0.04914493321,-0.301045208,0.1817838464,0.6522,0.203323395,-0.2491093,0.5832155108,0.2247
mv_constrained|pca3|sample|C,False,0.6632875579,0.3502898138,1.016614007,-0.04181283327,-0.3168068385,0.201192749,0.6228,0.210655495,-0.2334278011,0.5808169668,0.214
mv_constrained|lw_cc|bayes_stein|C,False,0.7227331651,0.3521733859,1.115705428,0.01763277388,-0.3055586667,0.3158807577,0.4863,0.2701011021,-0.1259163444,0.6032367637,0.1311
min_variance|sample|none|B,False,0.4643489898,0.006079031007,1.024719564,-0.2407514014,-0.6281433851,0.2040060617,0.824,0.01171692681,0.004861010388,0.02002812907,0.0012
min_variance|lw_cc|none|B,False,0.4526320629,-0.002684742949,1.010246406,-0.2524683282,-0.6403890208,0.192813503,0.8354,0,0,0,1
min_variance|ewma|none|B,False,0.3760728891,-0.09590359626,0.9645288032,-0.3290275021,-0.7207287908,0.1273655742,0.8867,-0.07655917382,-0.1682553381,0.03187756183,0.8809
min_variance|pca3|none|B,False,0.4755987106,0.01467058775,1.039966936,-0.2295016806,-0.6174356207,0.2207671456,0.8091,0.02296664765,0.004153366778,0.04504606608,0.02
risk_parity|sample|none|none,False,0.6273499046,0.2180273512,1.125943914,-0.07775048657,-0.3568314797,0.2403751737,0.6593,0.1747178417,-0.008810079608,0.3548272799,0.0576
risk_parity|lw_cc|none|none,False,0.6304919241,0.2209467129,1.127694651,-0.07460846709,-0.3521834954,0.240725033,0.6548,0.1778598612,-0.00667339671,0.3585083316,0.0557
risk_parity|ewma|none|none,False,0.5697325586,0.1698715875,1.091148078,-0.1353678326,-0.4159526625,0.2262585673,0.7429,0.1171004957,-0.0771380138,0.3200405901,0.148
risk_parity|pca3|none|none,False,0.6292106259,0.2187058415,1.129715436,-0.07588976534,-0.3543697721,0.2419055271,0.6552,0.1765785629,-0.003187060885,0.3522257759,0.0525
black_litterman|sample|bl|C,False,0.5535201481,0.2680607095,0.8585019161,-0.1515802431,-0.5076291501,0.1619728812,0.7845,0.1008880852,-0.4995216853,0.620249813,0.3923
black_litterman|lw_cc|bl|C,False,0.5492595904,0.2647959182,0.8539769797,-0.1558408008,-0.5107021689,0.1573969792,0.7905,0.09662752746,-0.5023097762,0.6145430263,0.3975
black_litterman|ewma|bl|C,False,0.5671523211,0.2707662756,0.9087117868,-0.1379480701,-0.49573261,0.1950095316,0.7459,0.1145202582,-0.5131561933,0.6544753106,0.3801
black_litterman|pca3|bl|C,False,0.4724383272,0.197775424,0.7767520432,-0.232662064,-0.5549835082,0.04121788007,0.9176,0.01980626428,-0.5514287474,0.5102851951,0.4888
hrp|sample|none|none,False,0.1563756594,-0.3124715456,0.7254258643,-0.5487247318,-1.023344302,-0.01288054154,0.9529,-0.2962564036,-0.5415808402,-0.04026731159,0.9709
hrp|lw_cc|none|none,False,0.1553869993,-0.3121938927,0.7237780795,-0.5497133919,-1.024074075,-0.01427599677,0.9535,-0.2972450636,-0.5423354918,-0.04127530326,0.9713
hrp|ewma|none|none,False,0.06423582599,-0.3773058161,0.6224023604,-0.6408645652,-1.095534181,-0.1082488163,0.9748,-0.388396237,-0.6398016954,-0.1344240238,0.9911
hrp|pca3|none|none,False,0.1705254727,-0.297543869,0.7343024503,-0.5345749185,-1.004761686,-0.001242152116,0.9502,-0.2821065902,-0.5384258917,-0.01451284035,0.9585
equal_weight|none|none|none,False,0.7051003912,0.3871641405,1.110209744,0,0,0,1,0.2524683282,-0.192813503,0.6403890208,0.1646
